userName,content,score,at
Raudatus Syifa,"sangat berguna buat masuk ke situs yang susah di akses atau suka error.iklan nya juga gak terasa banyak banget, tiap kali main paling cuman ada 2-3 iklan yang muncul.durasi iklannya juga kerasa wajar,jadi intinya ini tuh aplikasi yang bagus((o(*>Ï‰<*)o))",5,2024-03-20 16:39:28
Kadek Eka,"apk sampah jaringannya lemot terus iklan dimana mana, iya dimaklumi kok ada iklan tapi yoo jaringannya astaghh susah banget buat nonton live streaming aja cuma dapat kualitas mentok di 240p itupun kebanyakan mutar"" nya bahkan untuk kualitas 144p aja masih suka loading, dibandingkan dengan apk vpn lainnya yg wow luar biasa di pake nonton banget bisa tembus di 1080p lancar banget gak ada tuh masalah jaringan mutar"", nyesel banget download aplikasi vpn ini, sangat sangat tidak di rekomendasi",1,2024-03-17 20:26:21
Wira Zizo Gladi,"kenapa dia gak hilang dari status bar ya?? mana tulisannya gak enak lagi *terjadi kesalahan perangkat ketuk untuk menyambung kembali* disuruh nyambung, iklan, matikan, iklan dan balik lihat status bar masih aja suruh nyambung lagi dan iklannya rajin banget, untuk keuntungan pembikinnya.",1,2024-02-24 18:21:40
Jaja Subagja,bintang5pasti dong selama saya menggunakan vpn turbo sangat memuaskan recommended banget buat kalian2 yang butuh aplikasi vpn ya vpn turbo best lah dan sampai skrg msh terbaik mudah dan ga sulit terus jaga dan tingkatkan pengalaman sampai skrng makin baik coba kalian buktikan lalu bedakan dngn yg lain,5,2024-03-20 01:37:41
TIm Balu,"masalah nya suka putus2 sendiri vpn nya..!!20 menit jalan bagus, tiba2 minta ganti lokasi lagi. harus di ganti lagi lokasi atau perbaiki. jadi untuk sementara saya kasih 1 bintang saja dulu, nanti kalau sudah tidak lagi seperti begitu, baru saya kasih 5 bintang..!!",1,2024-03-04 06:43:44
Ari Anta,"maff saya buang bintang nya.. dan harus saya delete .. karna sanga membuat saya kesal... tiba2 koneksi nya di non aktif kan.. kalau setengah membuat apk, lebih baik ga usah buat apk kayak gini... ",1,2024-03-03 00:58:10
Chimuts Muts,bagus bagus sih tpi msi butuh di agret. sya brikn 4 bntng dlu soal nya msi banyak lgi yg harus diperbaiki. sprti terputus nya koneksi dan msih agak lambat. iklan trllu banyak.,4,2024-03-02 02:02:20
Irwan septiawan Theaa,"sangat membantu membuka link yang d blok. sukses terus buat apk nya,,sekarang gbsa download d situs,,!! saya kurangin 1,,nnti klo sudah bsa download lg sya tmbh lg bntangnya. trims",4,2024-02-25 03:31:38
Aska Alhakim,sangat bagus cocok untuk main game tapi tolong di perbaiki lagi karena kadang putus sendri mohon di perbaiki terimakasih,5,2024-03-20 17:42:09
AJI SANTOSA{31},"saya berkomentar tentang, vpn ini, sejak saya mts hingga saat ini vpn ini memang yang terbaik buat ++ juga bisa, dari tahun 2015 an saya pakai ini turbo vpn bagiku ini keren dan jika pengin luas pakai yang premium dan berlangganan, tapi saya memilih tidak, walaupun ada uji coba pokoknya keren untuk turbo vpn dan makasih",5,2024-01-28 17:24:58
Climiz '69,"koneksi cepat dan tanpa ribet.. masalah iklan itu wajar, namanya juga gratis, kalau mau tanpa iklan ya harus bayar... terimakasih banyak untuk aplikasinya boss... sukses terus...",5,2024-02-11 21:44:14
jua saja20,"sangat menyenangkan web.situs semua yg tadi nya ga bisa di jangkau, sekarang sudah bisa, karna aku memakai aplikasi ini, kuharap perkembangan atau update buat selanjutnya di aplikasi ini, lebih bagus dan memudahkan untuk semua yg memakai nya. terus semangat kawan kerja  jangan putus asa kecil hati, yg disebabkan dari mulut mulut yg tdak pantas di dngar, maupun dari orngÂ² yg tidak kenal atau yg kenal, bahkan dri lingkungan sekitar anda, anda sendiri lah yg bisa nilai mna yg baik mulutnya",5,2024-02-12 11:10:17
Sawa Danaraja,"nah ini sangat bagus karena bisa otomatis pilih lokasi peramban dan juga bisa full durasi nya, kalau vpn biasa itu maksimal 1 jam",5,2024-01-12 01:08:15
Hangesa Eca,"sangat bagus,dari segi lancarnya kenceng tapi ada suatu masalah kadang iklan nya yang tiba tiba bikin eror,kalo kedepannya bisa diperbaiki saya kasih bintang lima",4,2024-02-19 18:43:02
Heri Suseno,"saya tidak pernah berlangganan di aplikasi ini kenapa tiba tiba saldo dana saya kepotong,sudah itu no minalnya besar saya minta aplikasi ini bisa mengembalikan saldo dana saya yang berlangganan tidak sah.",1,2024-01-28 00:44:33
Sanny Machal,"sangat bagus, tapi kalau bisa tolong iklan nya dikurangi, karena sangat meganggu, lebih ditingkatkan lagi dan sukses,terimakasih.",4,2024-01-29 02:10:04
Zahrial Zhali,baik dan lancar.. semoga bisa ditambah dg fitur terjemahan sesuai keinginan negara pengguna / pengupload video... bokep barat nya di subtitle / diterjemahkan donk....,5,2024-01-14 04:39:06
Virly Abs,"semoga, dengan menggunakan aplikasi turbo vpn dapat membantu saya untuk browsing dan selalu terjaga di setiap website yang saya kunjungi. amin. sukses selalu turbo vpn & turbo vpn lite",5,2024-02-01 01:04:07
Saripah Ipa,"setelah saya lebih teliti dan baca dengan benar ternyata aplikasi ini mengumpulkan banyak data dari pengguna apk ini, dan memberikannya kepada pihak ketiga,jadi teman teman kita harus bijak dalam menggunakan apk jangan langsung download saja",2,2024-01-04 00:34:34
Sinyo Ganteng,"sudah lama menggunaka vpn ini. akan tetapi makin kesini makin kebanyakan iklan. bukan masalah iklannya, tapi setiap muncul iklan membuat koneksi terputus. mungkin perlu dikoreksi untuk penempatan atau memunculkan iklan tsb. terimakasih.",2,2023-10-24 23:22:31
Iwan 123,aplikasi nya lumayan bagus sangat membantu walaupun tiba tiba jaringan nya sedikit lelet tapi sangat membantu jadi saya kasih bintang 4 dulu,4,2024-03-01 22:51:53
Gagal Tobat,"sudah bagus,tapi tolong di optimalkan lagi agar tidak menjadi terlalu berat saat membuka browser.",5,2024-03-14 00:11:57
Rich Arka,"dengan aplikasi ini, saya bisa membuka dan mengunjungi website kesukaan saya... x... twitter... untuk lihat dan donwload video... motivasi di pagi hari dan p... pembelajaran biologi. sangat direkomendasi 5/5.",5,2024-02-02 20:09:31
Om Bray,kalau sekarang aplikasi ini belum bisa saya buka untuk melihat apa isi yg terbaik di dalam nya. untuk sementara dgn rasa sedikit kecewa saya beri bintang 2 dulu,2,2024-03-01 10:35:26
Fdenthe VansZz,"sangat membantu saya membuka suatu link untuk download dan upload file yang terbatas pada sistem websitenya.. sayangnya iklannya banyak, kalau ingin tidak ada iklannya.. saya harus dikenakan biaya per/bulan.. saran dari saya jika pengguna baru download situs turbo vpn bebas iklan.. jika bagi pengguna situs ini, lebih dari sebulan tidak merasa keberatan ada iklannya.. karena saya download turbo vpn sudah dikenakan biaya. semoga semakin banyak menggunakan turbo vpn tanpa iklan.. #fnxedws",5,2024-01-05 02:59:03
Atik Jazimah,"entah mengapa sekarang vpn ini berjalan dengan loading secepat siput, tidak bukan di app tapi di browser seperti google,aku sangat stress, tolong benarkan ini plz",2,2024-02-15 22:33:27
Ahmad Yani,"aplikasi vpn ini yang paling bagus menurut saya, browsing internet lancar dan download juga cepat. two thumbs up for turbo vpn.",5,2024-03-12 12:24:32
Andy Saputra123,turbo vpn parah koneksin cuma sebentar kuawalahan bulak balik buka jaringan vpn. mohon untuk yg punya appk ini tolong di perbaiki lagi supaya pengguna vpn lebih nyaman,1,2024-01-18 16:31:30
Noval Hamdi,terkadang lemot terkadang cepat dan banyak iklan tapi untuk yang makai gratis dan tidak berlangganan seperti saya itu cukup bagus,4,2024-02-23 21:23:01
Rawan Rawan,sangat memuaskan dan anti lemotmantap donlot aplikasi ini kawan semuanya di jamin mantap dan tinggal ketik apa yang kalian mau langsung muncul mantapppp okeh kawan trimakasih,5,2024-02-25 07:58:00
zona rc qd pemula,"aplikasi yang bagus, sangat membantu. tapi iklan nya sangat banyak saat membuka aplikasi lain",5,2024-03-15 08:14:02
Agus Ground,aplikasi ini berjalan sendiri tanpa stock browser dan bisa di atur aplikasi apa saja yang membutuhkan vpn atau tidak tapi bisa mencakup semua aplikasi yang berhubungan dengan internet terutama semua jenis browser. mode gratis pun cepat tanpa kendala palagi yang paid. vpn ini cocok bagi kaum pemersatu bangsa. caranya mudah dan simpel tinggal klik sekali hingga muncul server negara maka kalian tinggal masuk browser yang kalian suka. iklan hanya muncul saat vpn dimatikan. have a nice private time.,5,2023-10-11 00:07:09
Arys Arwi,"sangat membantu,, walaupun ada sedikit iklan yg mengganggu. ya kalau tidak mau ada iklan harus berbayar. tapi saya suka dengan aplikasi ini. bisa di gunakan walaupun gratisan, tapi harus melihat iklan untuk bayarannya. wkwkwk",5,2024-01-05 21:25:14
Val Rizki,"sumpah ni aplikasi kebanyakan iklan di nyalain muncul iklan, mau matiin juga iklan mulu. mana iklanya lama lama bgt",1,2024-02-27 23:04:05
fatimah agustina,"alhamdulillah udah berapa kali make jaringannya cepat dapat,juga sangat membantu membuka link yang ga bisa terbuka. makasih ",5,2024-03-22 11:01:49
Jozua Bawinto,pokoknya bagus sesuai fungsinya tidak sia sia kalian mau download ini apk pendukung ini sangat baik meski banyak iklan tapi bagusssss lahhh,5,2024-01-09 03:13:31
Tiara Lestari,"aplikasi yang bagus membantu saya membuka link,download dan upload file sangat lancar,saya beri lima bintang untuk aplikasi turbo vpn,mantap.",5,2024-03-18 00:51:39
Asma Sahara,"sangat membantu, tapi juga merusak jaringan, atau memperlambat perangkat. mohon tingkatkan lagi server nya. makasih",5,2024-02-15 00:55:35
Achie Chy,sinyal hilang hilang terus..baru beberapa detik nyala langsung hilang!,1,2024-03-21 14:55:31
Ribib Ini,lumayan buka situs bokep jd lebih mudah ... cuma buka situs slot aja yg rungkad terus,5,2024-03-18 23:01:21
Andre Rahman,aplikasi ya sangat bagus koneksi ya pun cepat bisa mengakses semua video,5,2024-03-23 01:14:20
amin Uden045,sangat bagus dan cepat tapi iklan ya di kurangi,5,2024-03-21 04:01:33
Muhamad Arta,aplikasi bagus super cepat pokoya puas baru uji coba mudah2han tambah bagus haya bintang yg bicara,5,2024-03-23 01:18:53
Haryanto yanto,"mantaaab,dan tolong diperbaiki jaringannya.awal awalannya kencang namun selang beberapa waktu berjalan mendadak lemot jaringannya",5,2024-02-01 18:37:55
hendry7206 Family,"jaringan gak setabil setelah aku koreksi gak ada pengaruh peningkatan koneksi internet,maaf ya kaya secem.cuman bisa buka blokiran situs .",2,2024-02-02 21:15:41
Refile Azah,ok...aplikasi yg sangat bgus utk penguat daya jelajah di server yg sulit utk ditembus memang mantap,5,2024-02-29 01:20:23
Rahmat Naufal,turbo vpn sangat membantu untuk membuka link yang terbatas dan meski iklan nya agak ganggu tapi itu bukan masalah,5,2024-01-12 10:27:07
Ajo A'one (Joy),"good application turbo vpn., bikin semua akses ke jaringan favorit jadi lancar dan aman top bgt gan",5,2024-01-21 02:03:25
Ni ketut Surni,log in bisa ke roblox tapi kenapa saya tidak bisa masuk game wah apa apaan selalu disconnected,1,2024-03-17 09:29:27
Dharma Yudha,"aplikasi bagus , cuma terlaku banyak iklan dan iklannya terlalu panjang dan membosan kn",5,2024-01-29 13:08:33
GustyAgung Yoga,"ya sangat membantu ,masalah iklan tidak begitu jadi soal krn gratis juga. sy suka apk ini",5,2024-01-16 10:35:56
Deri Rie,"bagus dan cepat,,, tapi sayang banyak iklan,, tolong d kurangi iklan nya terimakasih",5,2024-02-05 10:53:52
Epic BluePurple,"banyak iklan yang tidak pantas, mungkin jaringan saya teralihkan ke negara lain. ada cara untuk mengubah nya? thanks",5,2024-01-31 10:44:45
Junior P. Siahaan,agar di tingkatkan lagi kecepatan dan akurasi nya..untuk kenyamanan pengguna dpt lbh banyak menikmati situs2 lain...,5,2024-02-25 23:06:09
Ifan Almer,iklan oh iklan * tanpa iklan sangat membantu dalam pencarian. finally vpn best bgt,5,2024-03-12 21:45:00
Annisa Vanaya,sangat membantu saya saat membuka file terblokir dengan vpn ini semua menjadi mudah & lancar.tank too vpn turbo,5,2024-02-04 00:43:17
Andyliantus Ajailine,"cukup lumayan cepat,saya suka pakai turbo vpn,karena bisa download berbagai video,tidak rugi dowload aplikasi yg satu ini",5,2024-02-18 23:02:08
khof soh,aplikasi ini lumayan bagus tapi masih kadang suka lambat/lemah jaringan tlng di benerin lagi ya,4,2024-01-24 01:34:16
sunandar robi,"aplikasi yang cepat dan efisien, pekara iklan itu sudah wajar, selebih nya oke",5,2024-02-29 21:01:51
Ratna Permata Sari,"bagus untuk internetan saat transit di bandara china, kalau ga pakai vpn ga bisa internetnya",5,2024-02-24 04:44:24
qi run,q kasih bintang 2 karena ketika aktifkan vpn ni aplikasi chat jadi ngk bisa.,2,2024-03-20 13:04:40
Radit mlyn,aplikasinya bagus gak lag saat bermain game dan banyak negara yang bisa dipilih,1,2024-03-18 14:41:51
As' ad Brother Channel,kenapa tiba-tiba motong saldo padahal tidak berlangganan 187.500 itu bukan uang yang sedikit sungguh aplikasi merugikan saya tidak terima jika saldo saya terpotong secara sepihak tanpa konfirmasi,1,2024-03-09 17:34:58
Ekin Putra lahang,"untuk aplikasi nya sang at membatu saya beri 5+, cuman mohon ikalanya di kondisi kan agar pengguna tidak kecewa jos",5,2024-02-01 23:03:21
Avarel the grungs Crazz,kukira bagus tetapi malah memperburuk. kecepatan berkurang dan internet menjadi lama... biar kan bintang satu saja karena apk ini jelek,1,2024-01-07 21:26:58
Rian Putra,"aplikasinya bagus banget, mudah di gunakan, gak ribet lumayan banyak server yang free mantap dah",5,2024-02-21 16:03:11
Mr. Faisal1322 (Esal1322),halo developer turbo.saya ingin tanya kenapa buat wifi gak bisa sambung tolong memang gak bisa atau gak bisa buat wifi wireless,3,2024-03-16 11:19:45
Iqbal Ramdan,bagus aplikasinya cuma klo bisa iklannya jangan memaksa untuk di klik karna sanga mengganggu trimakasih ,5,2024-02-15 22:39:32
Bhyntank chavalera,aplikasi yang bagus semua situs internet mudah terbuka dan lancar. tapi kalau bisa di perlancar lagi jaringannya.,5,2024-01-07 00:06:30
Xxx Xxx,sangat membantu . jadi gampang setiap mau ngeluarin sesuatu tinggal buka aplikasi ini lalu nyari video,5,2024-03-04 11:09:24
Rio Candra,"game apa ini, saya kasi bintang 5 biar di perbaiki ini gamenya... kalo gamenya bagus kan pasti banyak peminatnya.",5,2024-02-15 01:56:15
Bhy Ebing,aplikasi turbo vpn in sangat baik situs yang kita cari cepat kita dapat di aplikasi in pokoknya sangat bagus,5,2024-01-06 04:42:09
Herlina Bregez,"turbu vpn adlah aplikasi yg sangat bagus teman2,karena paling cepat dan juga aman buat situs yg kita cari skrg ini semuanya bisa kita lihat di aplikasi turbo vpn jgn pusing disini lengkap dan yg pastinya paling aman anti blokkkkkk....",5,2023-12-15 13:30:49
T.Dedek Putra,sangat sangat membantu dan sangat sangat the best..bagus untuk smua hal dalam hal lain .pemecah masalah besar..jos,5,2024-02-03 12:10:15
Pindang Ebi,"turbo vpn cakep banget gan bisa membantu saya dlm berselancar di internet dunia, soal iklan udah biasa,",4,2024-03-11 20:29:34
Hisyam Asyabani,sejauh ini masih fine2 aj..sq sangat enjoy mnggunkn apliksi ini..tapi durasi hanya skitar 3 jam..stlh itu lelet..gk tau ap pnybbnya..,5,2024-03-01 22:33:21
Sunoo Jay,sebenarnya bagus sih aplikasiny cuma kecepatannya aja yg kurang cepat mohon diperbaiki lagi,4,2024-03-15 17:25:38
Arjuna Mamba,saya coba aplikasinya dulu utk kecepatan konektivitas jaringan yg mumpuni....,3,2024-03-02 12:08:51
Ahmad Heru,mantap. lebih tingkatkan lagi biar ip hp bisa disembunyikan dan gak kedeteksi,5,2024-02-24 07:16:44
Hendar Jeni N,"baik sekali d tempat pegunungan hp ga lemot, tingkatkan pelayanan supaya lebih ok  maaantaaap hebat",5,2024-02-26 21:34:12
Dedi Furnama,"sangat bagus dan cepat,walaupun ada iklan tapi sangat membantu untuk yang gratisan",5,2024-03-04 10:26:04
agan triguna,bagus. sejauh ini aplikasi sangat membantu perjalanan pribadi saya cepat dan aman .,5,2024-03-03 16:32:29
Emil Oktrino,aplikasi sangat bagus.tapi harus ditingkatkan kecepatan nya.,5,2024-02-28 20:51:24
Andira Apriliana,sedikit perbaikan masalah server koneksi buruk agar bisa stabil,4,2024-02-23 21:10:42
Ary,"vpn terparah, dari awal sudah lemot sih, memang gratis tapi masa speed 15 bytes",1,2024-03-06 11:11:18
Desta Iannone,"sering keluar sendiri,kadang putus,suruh ganti lokasi untuk memperbaiki masalah,",1,2024-03-03 02:13:16
Yetro Amilono,terlalu banyak iklan dan suka putus2 sendiri tolong diperbaiki la,4,2024-03-04 23:42:24
Rudi Indrawan,cocok untuk nonton yutube dilatar belakang. kaya buat gantiin yutub premium pas denger musik,5,2024-02-25 12:05:32
Hanafi Mtp,"vpnnya memang top dah.. sesuai namanya, turbo...",4,2024-03-04 04:08:24
rizal Afrizam,kecepatan internet nya di usahakan tetap stabil dalam kondisi cuaca apapun,5,2024-02-28 22:18:04
Hary Anggoman,mantap....namun iklan jangan terlalu sering yaa,5,2024-02-26 22:59:44
Hamnanot Nanot,"saya sangat menyukai dgn adanya aplikasi turbo vpn ini, semua lancar dan semua terbuka",5,2024-03-16 09:29:45
Intan putri Sani,saya kasih bintang lima karna aplikasi ini sangat membantu dalam pencarian apapun baik yg di dalam negeri maupun di luar negeri,5,2024-03-16 05:54:34
hermawan iwan,pengalaman dan pembelajaran yg positivnya kita ambil utk diri sendiri.,5,2024-03-14 20:53:14
Rini Setia,aplikasi babi ngrusak sinyal iklan nya non stop.. lebih baik un instal,1,2024-02-25 22:31:58
rihan nahir,"aplikasi yaa bagus cuuy ,,!!gak lecet mudah dikontrol",5,2024-03-05 23:51:12
Amanda Alycia,"bagus banget gilaa, sinyal lancar tanpa ngelag suka banget dehh",5,2024-03-02 11:18:18
Mumtaz Cell,turbo vpn memang menyenangkan untuk menghilangkan stres.,5,2024-03-10 17:12:08
syandie damara,terimakasih untuk kalian pembuat turbo vpn saya make apk kalian hanya untuk nobo :)) semoga sukses selalu ya,5,2024-03-10 01:28:37
Karna Almachzumi,"sangat sangat sangat membantu buat membuat situs link streaming bola luar,best vvn",5,2024-02-01 08:04:28
Ira dewi Sahara,"sangat membantu cuma kadang iklannya main nyrobot aja, selebihnya mantaapp ",5,2024-03-14 19:30:58
Takia Hadi,lumayan cuma saran dari saya semoga ke depannya bisa download apk,4,2024-03-20 02:44:20
Junio Prtama,aplikasi nya bagus si tapi terlalu bnyak iklan nya,5,2024-02-23 22:14:54
Selfanny Latuperissa,mantap... tapi kalo lagi lancar suka mati sendiri tapi bagus ,5,2024-02-25 15:25:57
Bagus Satria,"sangat membantu sekali untuk bekerja dan mudah digunakan, semoga bisa lebih optimal dari sebelumnya",5,2024-02-16 20:58:10
Irham Mulyadi,baru download tapi tapi ga koneksi trus padahal pake wifi aneh,3,2024-03-07 00:47:51
ex0 Suryono,"cukup lumayan,,, klo bsa akses ke stabilan nya agak di tingkatkan lagi...",5,2024-01-20 11:56:55
ANDRILIA ALFARO,"untuk saat ini sudah sangat bagus,, dan kalau bisa tingkatkan lagi jaringan nya",5,2024-02-16 14:46:25
Zack Lee,keren.. emang terbaik turbo vpn ini.. makasih atas aplikasinya yang sangat membantu..,5,2024-02-12 03:04:03
Dicky Watirsondari,aplikasi yang sngat membantu untuk mengunduh video... sekali lagi kami ucapkan banyak terimaksih,5,2024-02-20 13:01:41
Taufik nasrulloh,"kurang stabil dari segi jaringannya , mohon untuk diperbaiki lagi supaya kedepannya bisa lebih bagus lagi",4,2024-01-12 23:45:58
Mhaz Beer_Tho (Gembel elit),"sangat membantu..intinya saya suka, mode free pun lncar, meski hrus bayar dgan nonton iklan",5,2024-01-20 20:23:54
Endah Jayapura,saya pengguna vip kecewa banged bertahan beberapa menit aja abis itu off lagi.. gimana ni kok gini amat sangat merugikan uda beli vip mahalÂ² ,5,2024-01-11 10:46:11
CAH KERTOSONO (KHOLIS),sangat membantu banget untuk melihat film drama sulit kebuka pakek apl turbo ini langsung bisa kebuka trimakasih turbo vpn,5,2024-02-23 06:47:19
Nardin Adin,menurut saya aplikasi ini sangat bagus soal iklan tidak masalah untuk saya turbo vpn ni bos senggol dong,5,2024-01-12 21:06:42
Arab Nub,"ini juga merupakan aplikasi jempolan untuk kaum adam yg punya gairah sex, tapi juga tidak bida kita napikan untuk orang yg panatik untuk mrngabaikan ini, saran buatlah konten yg sangat sangat menarik untuk sem kaum dg batasan umur yg ditetapkan supaya tidak menimbulkan masaalah di kemudian hari,",4,2024-01-17 22:10:13
Velvet Lembut,"lumayanlah untuk vpn yang gratis, kalau mau yang cepat, ya harus yang berbayar.",4,2024-02-08 01:18:01
Aditya Armando,oke lah buat vvn dari hampir lebih dri 20 gua dowload ini yang terbaik.. cuma kebanyakan iklan,5,2024-02-01 10:35:43
Syabil Jerman,top banget suka vidio nya biasa nya ga pake aplikasi turbo bisa sekarang harus pake aplikasi turbo.....,5,2024-02-12 03:45:46
Junaydie87@yahoo.com Junaydie,"apk ini sangat bagus dan membantu, cuman klu bisa iklan nya di kurangin",5,2024-01-17 23:47:40
Alkoni,"sangat bagus.. aku suka bangan ma apc ini.. walupun ado sedik gangaun,saran aku iklanyo klw bisa di kurangin..",5,2024-02-15 10:17:24
Armansa Arman,"aku kasih bintang full ajah soalnya aku baru download aplikasi ini tanksmantap aplikasinya, aplikasi ini keren dan bisa membuka situs yang di blokir thanks",5,2024-02-06 16:56:39
Ny Wahyu15,"aplikasi nya bagus, sedikit terganggu dengan iklan nya yg agak lama bintang 4 aja",4,2024-01-11 19:32:06
Heru Wiladeg,"tambah cepat, mudah digunakan.  memang topmarkotop makasih pengmbang",5,2024-01-18 11:01:30
Fiolxya Chanzz,"sangat membantu walau banyak iklannya tapi wajarlah ya.., terimakasih.",5,2024-01-26 15:58:09
Abhi Halilintar,belum tau penggunaanya bantu dong dan tentang penggunaan aplikasi ini kami juga masih belum tahu dan ternyata aplikasi ini berbayar jadi sampai saat ini untuk apa aplikasi ini sebenarnya lebih baik aku uninstall aja,1,2024-02-22 21:11:00
Irfan Syah,saya hapus lagi aplikasi nya gak ngerti saya cara pake aplikasi nya tidak ada opsi pencarian situs yang mau kita buka.menuhin penyimpanan aja ternyata,1,2024-01-14 01:50:12
Nazwa Cellular,app nya bagus sejauh ini sangat lancar dan iklan tidak terlalu banyak.,5,2024-02-02 05:40:30
Basri Yansyahreza,"aplikasinya lumayan bagus, tapi aq merasa terganggu dengan iklannya.",5,2024-02-08 01:09:26
Rahadi Trapsila,"sangat membatu banyak hal, tapi minta tolong iklannya dikurangin biar makin bagus",5,2024-01-14 22:07:30
Wachid Njenthet,"bagus, saya buka link dan download file jadi mudah dan cepat.",5,2024-01-20 02:35:35
Dhepi Hermawan,di tambah lagi koneksi nya biar kaga loading kelamaan yaa... terimakasih,5,2024-01-14 23:02:18
Abim Danu88,klo pemutaran video sdh lebih dari 30 menit. tiba tiba delaynya lama,3,2024-02-22 22:34:43
Rudi Samudra,sinyal bagus tapi kenapa pas pakek aplikasi turbo vpn semakin lelet !!!,1,2024-01-19 17:31:31
Krisna Nurramadhan,saya tidak pernah berlangganan sama apk ini terus saya tida pernah pencet uji coba tiba2 saldo dana saya kepotong 187 ribu saya ingin saldo saya dikembalikan,1,2024-02-04 20:25:26
Agiel Kkw2r,"aplikasi yg sangat bagus dan memuaskan, smua jadi gampang dan cepat prosesnya",5,2024-01-30 19:15:46
Srikandi Sri,"apk apa iklan, setiap buka atau mai keluar iklan truss, saya hapus lagi",1,2024-01-21 00:01:53
Ratih Yusaina ratih,sya melihat dri ulasan kerabat yang sudah mencoba dri turbo vpn ini sangat mengesan kn sekali dri ini saya tertarik untuk mencobanya smoga saja tidak mengecewakan,5,2024-02-01 03:29:14
Andreya Fito Priyananda,"bagus, versi biasa aja udah enak buat selancar di internet. apalagi versi pro nya",5,2024-01-23 04:13:11
Putra Isfar,sudah bagus banget tidak lelet dan tidak ada iklan langsung conek tanpa batas,5,2024-01-04 23:54:35
RenyAndy 03,mantap banget apknya sangat membatu mengakses sangat lancar dan setabil,5,2024-01-16 08:13:46
Choliman iman,"app turbo vpn jni memang luar biasa, sangat cepat.",5,2024-02-21 16:47:18
Claudia Winata,"mantul.... udh cepat, gk lelet lg, sdh gthu gratisan, kl ada bintang 6 jg gw kasi bntg 6",5,2024-01-29 13:23:54
Fajri Ilham,untuk mencari server di free fire sangat cepat dan bagus,5,2024-02-07 14:23:57
Ardani Yulianto,"aplikasi nya bagus, sangat membantu, bekerja dgn baik dan cepat",5,2024-02-11 21:56:47
Radial Cinde,mantap dan muda untuk menonton filem yuuhuyyyy pokoknya sangat membantu,5,2024-02-04 08:01:43
Rizkal R Nusa,"bagus di gunakan, tidak banyak iklan hemat data lagi",5,2024-02-08 10:16:10
Muhammad Adityawan,jelek bet kalo pake server luar terus main game mobile legends jaringan ya ngelag parah mending pake vpn lain sih,1,2024-02-15 14:34:42
Rahul Rayhan,"sangat membantu kelancaran koneksi , terutama ke wi-fi",5,2024-01-28 12:47:34
Rizal Irsan,sementara sangat puas dengan app ini. semoga tetap bisa buat pelanggan semakin puas,5,2024-01-21 21:30:32
aditia Sagarahh,tetep aja keganggu meski jaringan tinggi tapi gak bisa buat maen game,5,2024-02-09 21:30:08
Alva Rizky,saran dari saya akses ke negara lain bisa di perluas lagi atau dengan premium yang lebih murah,4,2024-01-24 18:01:22
Roosanti Widyastuti,"baru sekali pakai, alhamdulilah lancar buat download videoÂ², makasih",5,2024-01-26 22:37:14
setu edi purnomo,bagus banget ini aplikasinya walau ada iklannya smoga kedepannya makin lancar,5,2024-01-22 20:39:02
JIHAN MOHAMMAD JIHAN,seneng bgt aplikasi ini. semoga selalu membantu . memudahkan komunikasi kami dari jauh,5,2024-01-21 01:37:34
A'al Jauzi,apa perbedaan dari turbo vpn dengan turbo vpn lite ? yang manakah yang lebih baik ?,5,2024-02-01 16:06:05
Resty Sapriyani,aplikasi ny ok..tpi ada tapi nya time dia ada had nya..so kita kena perhatikan dn sambungkan lagi,5,2024-01-18 20:51:13
Jhon Fauzan,"jaringan sangat cepat meluncur,pookok nya mantap",5,2024-02-09 15:42:40
Akbar Rohman,jaringannya sangat stabil dan apk ini sangat memuaskan,5,2024-01-26 17:24:58
Mila Najwa,"kadang kadang sekarang, suka lelet pas masuk ke aplikasi nya ( turbo vpn )",5,2024-01-17 06:45:01
Sun Toro,"nyesel banget download apk ini, koneksinya suka mati/putus sendiri...",1,2024-02-17 10:18:48
amir lamatokan,sangan baik.. prrtahankan kualitas jaringan tersambung yang baik,5,2024-02-11 04:06:25
Astha Lakapu,sangat bagus apk nya tapi iklannya di kurangi,5,2024-02-03 23:10:46
AGUS SUHERMAN,"sangat bagus, bisa buat membuka situs yg terblokir.. mantaaappp",5,2024-02-16 21:52:19
Nico Marcellino,vpn ini sangat bagus dan aman 100% yang tidak ada pemerintah indonesia!,5,2024-01-25 19:47:35
ARDI REY,"cukup membantu, cuma tetap ada sebagian dari aplikasi yang tidak terbuka",5,2024-02-18 12:39:23
Mirza Mirza,emang gak ada obat aplikasi gvn jaringan jelek bisa jadi pilihan bagus,5,2024-01-17 18:43:34
Dikki Irvan hidayat,"sangat membantu,tpi sayang iklannya mengganggu",5,2024-01-31 13:23:00
ANTSAY,semoga aplikasinya bermanfaat dan bisa berguna untuk horang horang marger selalu menyepi dalam kesendirian ,5,2024-02-01 09:45:50
slamet terus,smentara bagus dan terlalu mbyak iklan dan durasi yg terbatas,5,2024-01-18 19:22:38
Imanuddin Imanuddin,"aplikasi bagus, gak ribet, sekali tekan langsung terhubung ",5,2024-01-24 08:59:49
Guntur Risky syahadam,apknya bagus karena dapat memperkuat jaringan & sinyal hp,5,2024-02-24 18:20:10
Riska Thoharo,cepat dan mudah tersambung internet mana saja mantap,5,2024-02-05 09:26:30
Muhammad Rama,sankat bagus aplikasi android di mn itu kpn bae lgi glk nk mntk dana smo siapo yo km tuh jdi bisa tlng bantu proses daftarkan akun nya saya,5,2024-03-14 10:45:03
Aurelia Fernanda,"mantap banget ini apk vpn nya,,lancar & cepat tanpa loading",5,2024-02-19 23:38:37
Hadrul Hamdi,bagus juga sih . sayangnya banyak iklannya,5,2024-03-10 20:55:20
Galeri Anak Tambang,vpn terbaik. cuman yang berbayarnya agak di kunrangi yah.,4,2024-03-02 13:49:52
Nefri Herryandi,banyak iklan dan server vpn gratisannya makin berkurang,1,2024-02-06 13:35:36
Yulianus Kale,sangat sangat membantu meskipung ada sedikit iklan,5,2024-02-15 00:17:41
Yulius Suleiman,sangat membantu saat jaringan. sinyal lemah.,5,2024-03-10 01:31:40
Tri Hardiyanto Official,"sangat membantu saya untuk membuka link bokep dari segala penjuru, mulai dari yg jepang, china, barat, maupun asia. #good job",5,2024-01-31 12:16:22
Radeb Srobot,vpnya cepat buat disaat sinyal lemah di gunung,5,2024-01-20 11:22:09
David Azhar,sangat bagus untuk server game dan web yg di blokir di indonesia.,5,2024-03-07 00:05:55
Rosyid Sangger,kenapa saldo dana saya kepotong padahal saya tidak merasa berlangganan dan saya tidak trima mohon saldo saya di kembalikan.,1,2024-03-12 16:32:33
C. Nugraha,"luar biasa baiknya, semoga negara yg di pilih bisa mengjasilkan lebih banyak dan lebih besar penghasilan dari game, turbo vpn secure makin maju ya",5,2024-01-04 19:40:30
Boy Bong,jaringan sering melambat. tolong diperbaiki lagi min,3,2024-01-12 23:33:46
Fadli23 Al bassyir,"bagus,tapi selalu ada iklan mohon untuk dihilangkan",5,2024-01-28 12:46:18
Moch Iqbal,"ok bnget dah,link yg diblok diaktifkan turbo vpn nya pasti langsung kebuka",5,2024-02-16 16:39:56
Zul Kifli,"sangat membantu saat saya berada didaerah yang sinyal turun naik,, bagus boss ku trimakasih",5,2024-02-13 23:35:14
Amril Kambri,aplikasi nya bagus tpi tolong dong jang sering lelet gituu..,4,2024-03-18 03:12:02
Linatul Hasanah,koneksi sesuai jaringan tapi udah mantul...klo bisa kecepatan di tingkatkan lagi. trima kasih.,5,2023-12-05 21:27:47
Supri Adi,bagus untuk browsing..tapi terkadang tibaÂ² hilang sendiri/putus koneksi.. sebenar nya bagus buat browsing..,5,2023-10-21 19:12:33
Donifandirkusuma Laia,"lumayan sih koneksi jaringan nya tapi agak lelet di saat masuk dalam game dan satu lagi, kebanyakan iklan kalo boleh di batasi itu iklannya ga berguna tuh iklan",4,2023-10-13 20:51:47
Rendi Roswandi,"sangat puas,tapi sayangnya iklannya terlalu banyak",3,2024-03-08 22:48:12
Kristanto Prasetyo,"sangat bagus, versi gratis maupun berbayar sudah balance, yg kita keluarkan sesuai dengan yang kita dapat  sejujurnya ini vpn tercepat sih yg pernah kupake ",5,2023-10-31 19:28:06
Bendi Bima,"sangat bagus, dan akan tetapi koneksi sering terputus dengan sendirinya. mohon di perbaiki agar koneksi selalu terhubung.....!!!",5,2023-10-28 00:36:46
Surandika Randika,saya tidak memiliki pembayaran berlangan di turbo vpn tapi saldo dana saya kepotong secara otomatis... saldo dana saya kepotong otomatis setiap tanggal 8 nama : sur....ka no dana 0812....5835 saya sangat sangat tidak mengerti kenapa akun dana saya di potong otomatis uangnya,1,2023-12-01 21:15:19
Yasber,setelah di update mala lalod tolong di perbaiki lagi sistemnya,5,2024-01-11 04:45:26
mey mey,"jaringan lemot setelah pake beberapa menit, kadang suka mati sendiri,padahal pake aplikasi ini udah bertahun2 tapi kenapa makin kesini malah makin jelek kualitasnya",1,2023-12-19 16:12:36
Vadila nur Andraeni,aku udah lama menggunakan aplikasi ini pih sekarang kenapa di waktu suka mati sendiri bisakah seperti dulu lagi iklan di kurangi dan ga mati mati terus makasih...,5,2023-12-06 05:48:37
ahmad mulkani,"aplikasi yang sangat bagus dan berguna buat kami yg bekerja di pedalaman meskipun suka ada kendala tapi joss lah, mohon di perbaiki sedikit lagi dalam jangka dan tangkapan nya",5,2023-10-11 19:20:35
Hadi Lusy,"saya suka vpn ini sinyal nya kuat,, tapi kenapa akhir-akhir ini sering terputus dan sinyal nya hilang2,,tolong diperbaiki seperti semula lagi ya",5,2023-12-04 14:02:58
Basuki,"sekarang turbo vpn sangat menjengkel kan,dan saya sangat kesal,karna saya 2 hari ini tidak dapat membuka video xnxx,dan saya tidak setuju sekali ada premium tertera di layar turbo vpn,mohon ma af kalo saya tidak memberi ranting 5",1,2023-12-04 12:15:09
Gajess,sedikit lebih parah mending yang dulu ga banyak iklan,4,2024-02-22 14:41:06
Ranto Sagala,apk sangat bagus bisa membuka smua yg di block di negara kita.,5,2024-03-22 09:15:17
Rahmadi Madi,cukup membantu aplikasi in karena situs apa pun yang diblokir semua jadi bisa dibuka pokok nya oke,5,2024-01-27 03:37:41
horaiman Semulut,mohon di perbaiki soal koneksi yg sering terputus mendadak,5,2024-01-27 14:12:49
Juan Ho,iklannya udah diluar nalar. sangat tidak nyaman dipakai. bentar bentar iklan. durasi iklannya juga terlalu lama.,1,2023-12-12 03:51:26
Ayu Ana,"mantap vpn turbo,yg lelet jadi secepat kilat di bikin vpn turbo",5,2024-01-23 14:06:37
Yakobusalexa Yusuftanglaa,"jujurr aplikasi ini saya pakai sudah bertahun-tahun, dan sangat bagus. tapi tolong devloper memperbaiki masalah yang sering terjadi ialah terputusnya keneksi. untuk aplikasi ini saya rekomendasi untuk temanÂ².",4,2023-12-21 08:35:17
yudhy dyk,"mudah digunakan, mantap lah pokoke.. good apk..",5,2024-03-02 18:52:34
Muhammadfebriansyah Pete,goood ..tapi terkadang suka terputus koneksi sendiri,5,2024-03-10 17:33:47
Ratna Nurasih,"sangat jelek,hilang2 sendiri jaringan nya buat naik tensi",1,2024-01-03 23:49:49
A K Channel,sangat berguna dan bermanfaat.. terimakasih turbo vpn..,5,2024-03-03 21:56:18
Noeto 88,"bagus,,, tp tlong ditingkatkan lg koneksinya biar lebih asyik",5,2024-02-07 01:38:49
DEWI Mumba,aplikasinya sih udah bagus sangat membantu. tapi tolongdong kualitasnya di tingkatkan lagi. kadang downloadnya cepat tapi kadang tu lama bangat. jadi untuk kecepatan kualitas jaringannya di tingkatkan lagi. trimah kasih,5,2024-01-07 03:28:57
Andre Hoedianto,sangat bagus dan membantu walau agak lemot terkadang,5,2024-02-08 03:38:38
Paksuli Paksuli,aplikasinya sangat membatu untuk mencari link download video lucu,5,2024-03-03 11:01:03
Bezaro â€œZaiâ€ Zai,terimakasih aplikasi turbo vpn sangat bagus sangat membantu mantap ,5,2024-02-25 09:04:20
fauzi ilejay,sangat mendukung operasional pencarian digoogle tanpa batasan,5,2024-03-06 10:54:44
Ruswan,lelet dan gak berfungsi seperti biasanya.,5,2024-03-03 18:32:13
zulfan,"masih tetap nyaman, vpn iniya keren dengn sinyal yg bagus.",5,2024-01-14 14:50:28
Torus Torus,sangat bagus tapi iklannya terlalu banyak,5,2024-02-27 06:40:16
pakdhe mochtar,aplikasi yg bagus sangat mmbantu tingkatkan agar semakin jos gamdos apik pokoke,5,2024-01-25 18:47:54
Yeyen Yenudin,"terlalu banyak iklan, jaringan jadi tambah jelek",1,2024-02-11 17:00:44
Rzky Jnrdy,"bagus kali, iklan nya di kurangin aja",4,2024-01-11 02:14:39
Nur Rohim,"mantap pokoknya apk ini, kembangkan terus dengan fitur2 terbaru",5,2024-02-15 09:41:24
Edibta Kalsa,bagus cuma kalau bisa yg terkunci terbuka semua dong film ny,5,2024-03-20 23:11:34
Sarino lasmi,kebanyakan iklan gak penting n pas mau off susah bgt,5,2024-02-08 21:48:21
Hobi Sekedar,terima kasih aplikasi ini membuat saya merasa lebih baik jangan ragu download aja main internet lebih mudah tidak ada hambatan,5,2024-02-06 03:29:06
Azies Sakura,bagus cuma suka lemot tolong di perbaiki lagi,5,2024-03-03 19:41:35
Wasito Al Abdul Jamil Jamil,bebas iklan tapi masih agak lemot,4,2024-01-24 17:31:05
SARUDAY OFFICIAL,lumayan membantu cuma sayang banyak iklan ga jelas,4,2024-03-13 19:24:02
Nunuk Haryati,sangat cepat dan aman untuk meng akses,5,2024-02-02 01:46:11
Irvon Salim,"apk bobrok... awal bolehlah, lancar. sekarang??? kepake 400mb, langsung down. saat down, cuma bisa buat nonton iklan yang ga bermutu dan ga berguna. uninstall !!!!",1,2024-03-01 04:04:48
Angkino Franz,"uda bagus cuman kenapa sering keluar sendiri, sudah terhubung, pas masuk situs terputus sendiri, ada apa gerangan, klu ga terputus sendiri baru saya tambahkan bintangnya, over all uda bagus",4,2023-10-17 11:31:03
Reno nazareth,mantap selama bisa di pakai dan terutama gratis....,5,2024-01-27 09:04:15
Armando Djau,klau bisa di kurangi aja iklan ads nya bang itu aja sih,5,2024-02-27 01:16:02
Rizky Kurniawan,vpn jelek. jaringan lag. kebanyakan iklan,1,2024-03-08 01:35:50
dwi Cahyono,apk ini keren banget... makin cepat dan lancar jaya....mantap jaya....,5,2024-01-15 10:01:28
Ayu Luvita,oke bagus cuma iklan nya aj yang kadang bikin kesel,5,2024-01-09 00:00:12
hadi su,sangat membantu tapi kalo bisa bulannya diskon 50%,5,2024-01-17 15:00:06
Hasri Yanti,jelek beda dari vpn lainnya bug jaringan yg buruk,1,2024-02-28 21:08:39
Nur Diansyah,kurangi iklan ny .untuk aplikasi ok lah,5,2024-01-30 17:29:27
Hari Prasetyo,aplikasi gak guna. iklan segudang. bosok,1,2024-01-15 09:22:09
trio susanto,"lumayan cepat connectnya , coba dulu yg gratis semoga langgeng",4,2024-01-30 19:18:34
ovi my wife,ini sangat bagus cuman masih ada masalah server saya masuk server miami yaitu amerika serikat tapi waktu saya masuk kedalam game saya itu tidak terhubung jadi tolong diperbaiki terimakasih,5,2023-12-23 14:07:16
Neneng Fs,"aplikasi yg sangat membantu untuk meningkatkan jaringan..dan saya sngat puas akan adanya aplikasi vpn ini, walau terkadang suka on/off sendiri..",5,2023-12-11 22:57:00
Nia Ai,saya suka aplikasi nya kemarin sempat 2 hari gk bisa nyambung . setelah saya hapus dan perbarui lagi sekarang jadi lebih bagus. tapi sayang beredar kabar klo ada peraturan baru d negri arab tentang aplikasi ini apa kah itu bnar ada nya ,5,2023-12-06 11:10:26
Irpan 1988,"kualitas bagus jaringan stabil,",5,2024-02-09 23:57:27
Suwarno Warno,untuk mempercepat dan memudahkan pencarian,5,2024-03-02 12:47:37
hadits,tolong perbaiki lgi nonton netflix jdi lag2 biasanya lancar jaya,3,2024-02-29 20:22:29
Dragon SouL,harap dikembangkan lebih bagus laqi dari ini  kadang masi gk stabil and putus2 dan tolong dikembangkan dengan semua kulaitas bagus tanpa biaya and ditambahkan situs lain yang video nya membayar kita bisa mebuka nya dengan gratis itu aja saran saya tq,5,2023-12-03 18:17:50
Jhonpenri Sipayung,lumayan bagus tapi kalo bisa iklan nya di kurangi,2,2024-01-08 17:12:46
Tegar arianto32,kukasih rating 4 karena aplikasi ini sangat bagus tetapi agak lag sedikit,4,2024-02-04 09:12:16
Erwan Novianto,aku suka aplikasi ini biarpun sinyal jelek seperti kartu im3 indosat.,5,2024-03-04 20:49:41
muhammad mulkan,aplikasinya kadang2 lemot mau pakai wifi atau paket ,3,2024-02-27 01:04:31
Rezky Syafputra,iklannya kebanyakan masa sekali pencet iklan lagi,1,2024-01-14 19:00:33
Okta Muslim,apl nya bagus dan cepat akses nya,4,2024-02-08 10:06:36
Febriansyah,"koneksinya cukup stabil, oke",4,2024-02-21 00:10:30
Yanto Yong,"bagus dan berfungsi dg baik,kalau soal iklan,ya namanya jg versi gratis,wajar2 aja sih,klu ga mau banyak iklan beli yg premium,gitu aja kok repot",5,2023-12-04 12:07:32
Ahmad Rifai,dear developer innovative connecting. untuk aplikasi turbo vpn - secure vpn proxy sudah sangat bagus. tolong tambahkan lagi fitur yang berguna di aplikasi ini ,5,2023-12-24 02:33:50
Army admindocement,"ok, buat web yg terblokir cuma iklan nya banyak",5,2024-01-28 09:37:49
john tor,sementara ini bagus. bisa sampai 10 perangkat,4,2024-01-19 18:24:35
hasan makmur,aplikasinya bagus jd bisa bikin internetan cepat,5,2024-02-27 21:05:21
Rizki Surbakti,aplikasi ini sangat bagus tapi masi ada iklannya,5,2024-03-01 13:29:34
Gelo Tenan,"haiya jika kalian tidak ingin ada iklan makanya modal sedikit looo, beli yg berbqyar. ini sudah gratis masih protes banyak iklan.",5,2023-11-25 14:29:34
Riswanda R,lancar dan cepat semakin di tingkatkan lagi,5,2024-01-25 22:03:40
Ramadhan,masih stabil walaupun masih banyak iklan,5,2024-02-03 09:47:06
Zems Walker,mohon iklan nya jangan terlalu rutin,5,2024-02-05 21:46:18
Sunann Kalijagat,kurang bagus sinyal vpn nya kurang lancar,5,2024-03-09 22:41:10
Mamat Anmat,sangat-sangat membatu dalam hal server atau kecepatan jarigan,5,2024-01-30 07:03:52
elsy aza,aplikasi yang sangat membantu berkomunikasi. saya suka,5,2024-03-22 00:41:30
Eva Rw Han,sangat membantu sekali untuk menggunakan aplikasi terkunci/ gak bisa di buka,5,2024-02-02 15:35:33
Asaka Riyansyah,bagus sekali aplikasi ini sangat membantu semoga dipertahankan kualitas nya,5,2024-02-16 20:00:19
Attaaone Pratama,mohondi tingkatkan lagi karena sering lama loadingnya,4,2024-02-04 00:20:04
Dery Pedro (Bang kunthul),"lumayan sangat membantu untuk meningkatkan koneksi,cuma tolong di tingkatlan lagi untuk apk nya,karena suka putus sendiri",5,2023-12-29 07:31:47
Macan Hutan Channel,aplikasi yg sangat bermanfaat di saat jaringan lemot,5,2024-02-05 00:25:55
Haji Dedy,keren sangat membantu aplikasi yg membuat semua'y jd mudah,5,2024-01-15 15:09:36
Flash Cell,"koneksinya sudah bagus, layanan nya juga cepat, cuma satu kendala aja, setiap mau buka iklan, mau tutup juga iklan, iklannya juga harus nunggu sampai selesai. minta tolong tentang iklan nya kalau bisa dikurangi biar yang dwonload aplikasi ini tidak kecewa.terima kasih",5,2023-09-28 19:11:03
Esdeath Esdese,"kepada pihak developer. dulu saya pakai ini aplikasi lancar dan tanpa kendala, saya juga berlangganan. tapi sekarang, saya tidak mendapatkan pengalaman yang sama. saya mencoba gratis premium selama 7 hari. tapi tetap saja muncul iklan dan koneksi internet yang sangat lambat. kemudian secara tidak sadar, saldo google play saya terpotong oleh turbo vpn ini untuk perpanjangan selama sebulan (rp.187.590). tetapi tetap saja, saya dianggap tidak menggunakan pelayanan premium. koneksi lambat ikln bnyk.",1,2023-09-26 20:30:24
Adie Khatsuya,lumayan lah...!! tapi iklannya ganggu bnget..,4,2024-01-26 15:50:28
Dwe Ramadhan123,puas dngan hasilnya dan server sangag cepat,5,2024-02-27 00:21:15
Paulus Laratmase,fiturnya jelas dan kencang penelusurannya,5,2024-03-04 13:30:34
Deans_90 chanel,"kalian wajib download aplikasi ini selain jangakauan nya luas,konektivitasnya juga oke",5,2024-02-10 00:09:13
Harmadi Karmidin,sangat membantu untuk buka file dan upload file,5,2024-01-18 00:06:13
PK SBSI,masalah pada kekuatan signal data teratasi dengan baik ,5,2024-01-23 00:56:42
gilbren yosua Hernawan,menurut saya ini aplikasi kurang jadi saya kasih 2 bintang dulu. kenapa saya kasih dua bintang di karenakan saya mau memakai salah satu negara tetapi harus menggunakan premium udah mana cukup mahal lagi,2,2023-11-06 16:59:38
Kosatojuh Sembilanlan,"sangat cepat, tidak ad yg tidk mungkin",5,2024-03-15 23:17:19
Asep Irama,kalaw bisa di tingkatkan lagi kcepatan nya,5,2024-02-20 05:50:26
Fano Mc,gg cuy gabut aja yang penting apk nya gg meskipun banyak yang harus bayar dulu,5,2024-02-29 14:09:56
Agus Ajja,mantap nich aplikasi lancar ga ada acara loading2 lagi....langsung zos gandoz,5,2024-02-10 14:09:31
R O B I N,"coba dulu ya,, nanti kalau udah di pakai aku nambahin bintang ya :) hmmm aku tambahin 2 bintang yaasmoga apk nya tambah keren dan tidak lag. ",5,2024-02-15 14:11:25
Andi Abd haris baso,cepat prosesnya dan bagus gambarnya.,5,2024-01-25 20:55:50
AV Fadlurachman,apk nya bagus jadi makin kenceng jaringan,5,2024-02-21 11:03:51
adi_ low CHENEL,oke..walau terkadang kalo akses server yg trllu deep itu melehoy,5,2024-01-19 00:03:33
rani ona,vpn super cepat & tanpa hambatan.,5,2024-01-16 21:24:27
Putra Galang,lumayan sih tpi perlu diperbaikin sih koneksinya,2,2024-02-19 22:28:25
ID. Ridwan Andoyong,ð´ð‘ð‘™ð‘–ð‘˜ð‘Žð‘ ð‘–ð‘›ð‘¦ð‘Ž ð‘ð‘’ð‘›ð‘’ð‘Ÿ2 ð‘ð‘Žð‘”ð‘¢ð‘  ð‘‘ð‘Žð‘› ð‘¡ð‘–ð‘‘ð‘Žð‘˜ ð‘šð‘’ð‘›ð‘”ð‘’ð‘ð‘’ð‘¤ð‘Žð‘˜ð‘Žð‘›...ð‘—ð‘—ð‘Žð‘‘ð‘– ð‘ ð‘Žð‘¦ð‘Ž ð‘˜ð‘Žð‘ ð‘– 4 ð‘ð‘–ð‘›ð‘¡ð‘Žð‘›ð‘”,4,2024-02-19 00:04:19
Farrel Alkabbani.M,"sangat membantu saya, terkadang vpn ini tidak stabil padahal jaringan wifi saya baik baik saja, tapi sangat membantu saya memberi 5 bintang untuk mem apresiasi aplikasi ini.",5,2023-11-22 13:45:04
Ranil Ichwanur Razif,bagus// mudah digunakan.. cepat terhubungnya.. ga tau kl udh lama kemudian.. kita tunggu aja.. hehehe,5,2024-02-01 01:08:54
otan umar,performa wifi berkurang saat mengaktifkan vpn,2,2024-01-14 23:33:31
Ardi Antoni,"sangat membantu untuak karingan yang lemot, mantap bangat apkmya",5,2024-01-31 01:40:36
Lingga Prayoga (Aiga),"semoga jaringan di aplikasi ini semakin ditingkatkan lagi, terutama untuk kecepatan mengunduh dan bermain video game. terimakasih",5,2023-12-27 20:34:22
Mumun,katanya mulai lama makin banyak iklannya aja nih,5,2024-01-07 16:53:31
Ahm Ad,gk nyaman sama konten yg muncul terus,5,2024-02-06 00:57:27
Her Tanto,"sangat membantu,klo bisa iklan nya kurangin.",4,2024-01-21 23:53:26
Lindu aji Saputra,mantep aplikasi ni sangat membantu sedikit kekurangan nya,4,2024-01-27 01:29:58
Yuda Prasetya,"ok lah, tapi terlalu banyak iklan",4,2024-02-01 23:24:20
Noto Jos,sangat berguna dan menjelajah sangat cepat,5,2024-02-18 22:12:22
Alif Mulyawan,selama memakai vpn ini jaringan ku makin lancar dan bisa menonton website yang ke blokir jadi kebuka jadinya bagus apk ini semoga semakin bagus kedepannya,5,2023-10-24 21:50:12
Shofwan Alfarizi,aplikasi ini sangat berguna sekali saya kasih bintang â˜…â˜…â˜…â˜…â˜… karena sangat membantu ke pribadian saya terima kasih,5,2024-02-10 14:08:58
Shobari Jaya,aplikasi nya sangat bagus.. tapi tolong iklan nya dong jangan terlalu sering dan banyak kesel tau gk,5,2023-12-07 01:49:12
Rivan Nurmulki,terimakasih dengan adanya vpn turbo lebih mudah menjangkau video di hanpone saya,5,2024-02-16 02:46:35
Erwin Mardhani,"seringnya lemot, terus pemilihan otomatis server tercepat selalu ga akurat.",3,2023-12-29 03:08:17
Adelio Adel,aplikasi anjeng iklan banyak kurang banyak,1,2024-02-07 00:13:26
Kris man,terlalu sering iklan,5,2024-03-21 03:52:47
Ayhu Novita Sari,"aplikasi nya lumayan sii,tpi ad yg gak bisa di buka link nya",3,2024-01-10 23:00:17
pambudi anjay,apk yg luar biasa ayo pada dowlod masuknya cepat didowlod jg lancar,4,2024-02-08 23:00:04
AWsome Reef,lelet lemot parah. banyak iklan. tiap penvet menu muncul iklan. ga ada yang bnrÂ² kenceng servernya,1,2024-01-13 06:44:31
Randy Wicaksana,"test aplikasi, buka website nggak bisa, setel video nggak bisa, cuma 10-40 kb/s, padahal kalau nggak pakai vpn bisa tembus 1.2 mb/s. useless!!!",1,2023-12-29 00:28:26
Afeb Jeno,sangat bermanfaat atas kelancarannya jaringan,5,2024-01-24 13:39:58
Epeng Adhinata,stabil kan koneksi nya min...good job,4,2024-03-06 12:39:11
Ijah Yanti,tolong nonaktifkan penarikan uang lewat aplikasi ini yang yang penarikan uangnya dilakukan oleh google tolong nonaktifkan saya nggak karena uang saya selalu ditarik otomatis tanpa ada persetujuan dari ssya,1,2023-11-17 06:02:59
Agung Setiawan,"cukup membantu,walapun bnyak iklan",5,2024-02-21 17:24:35
Tommy yacki,"aplikasi ini sangat berbahaya, ketika di gunakan pakai metode percobaan otomatis berlangganan.. walaupun apk d hapus tdk akan membatalkan langganan.. saya kehilangan uang 187rb karna trnyata pmbayaran otomatis lewat akun dana..!",1,2024-03-21 23:18:22
Delvin Aro,saya menghargai aplikasi ini memang bagus selebihnya di perbaiki lagi agar bisa bermanfaat untuk semua pertahankan dan gratisannya di perbanyak terima kasih vpn turbo emang ok okeh,5,2023-12-12 15:37:33
Setan Kecil,"aplikasi babi, baru dipake beberapa detik mati sendiri ilang sendiri, iklan doang dibanyakin",1,2024-03-14 22:59:46
Joko Bagus,"bagus, durasi panjang, gak banyak iklan",5,2024-01-22 21:07:07
Eko kurnia santoso Eko kurnia santoso,lebih cepat dan menghemat data,5,2024-02-20 16:47:12
Faizal Pradana,"baik, kurangi durasi iklan",5,2024-01-23 17:34:35
Jonson Fransisco,"menurut saya sudah bagus banget. kalau ada iklan ya wajar, kecuali ganti paket, ga mau ada iklan ya bayar.",5,2023-09-28 21:01:17
Amnjink Bo,"mantap sangat membantu s8nyal lancar,",5,2024-03-21 11:49:37
Pak Hu,terima kasih turbo vpn sudah mengisi waktu sekali lagi terima kasih sukses selalu,5,2024-01-08 10:47:34
Satori Kertiasa,cukup membantu dalam mencari artikel dan membuka situs,5,2024-03-03 02:59:26
Andri Andri,3bintang nnt sya tambah lagi kalau iklan web di gane saya keluar itu sangat bagus,3,2024-03-23 12:00:36
Ribowo Bejo,bagusssss... kalau boleh kasih saran.. kurangi dong iklan nya,5,2024-03-19 03:45:26
Farid Sambora,aplikasi ini pokoknya bisa membuka situs apa saja keren deh pokoknya,5,2024-03-22 00:21:47
Mahdisidik Sidik,bagus turbo vpn nya aksesnya cepet,5,2024-03-19 11:35:28
Riyanto Foural,kurang bagus sering keluar sendiri,2,2024-03-17 23:37:08
NAPIS NAPIS.,sangat bagus untuk berselancar di dunia maya,5,2024-03-23 18:44:24
Miftachullatif Nurani,keren dan sangat medukung,5,2024-03-16 22:45:14
Syaprizal,lumayan tidak membantu tolong diperbaiki,3,2024-03-19 21:23:14
Wanto Wanto,cepat dan bagus. turbo vpn kelinci,5,2024-03-21 20:35:45
Soekirno Klaten,sayang sekali aplikasinya berbayar. sungguh parah,1,2024-03-19 23:42:34
Syahrul Saucy,terlalu banyak iklan,5,2024-03-20 22:29:51
Jefry Adur,sangat memuaskan bisa mencari sendiri wilayah.,5,2024-01-21 22:18:12
cici cuit,vpn yg aman n terpercaya selama pemakaian juga lancar,5,2024-01-15 19:32:03
Ibnu Karim,bagus tapi banyak iklan,5,2024-03-16 00:48:59
edgar Palembang,bagus tp banyak iklan nya,4,2024-03-02 00:35:36
Leman Leman,sangat kencang jaringannya,5,2024-03-18 00:11:23
Iban Sopwandi,sangat membantu hanya ko kadang kadang keluar tanpa pemberitahuan,5,2024-01-31 00:39:21
ahmad jauhari,semoga kedepanya lebih baik....dan lancar....cookk ..!!!! apk kayak bangke gk ada 1 menit udah putus sndiri.. hadeehhhhh.. lama2 bikin emosi cokkk...!!,5,2024-03-01 23:26:45
Buyer Setia,mudah mudahan kencang speednya,5,2024-02-19 22:53:40
Saut Roy,mau tanya knp ya kalo turbo vpn nya di aktifkan jaringan nya ngelag??? tolong dong di perbaiki sistem sinyal turbo vpn nya trimakasih,3,2023-12-21 08:43:31
Amir Maklor,"agak lemot gan,tolong di perbaiki lgi",5,2024-01-18 22:28:00
Sri Handayani,bagus gampang cara koneksi nya,5,2024-02-17 00:31:58
Firman Gaming,"anjeengg!! aplikasi apa ini! banyak amat iklan nya! tiap klik tombol ada iklan! kalo mau cari duit, gak kaya gini caranya njeeengg ",1,2023-12-12 08:51:37
Ari Saputra,sangat bagus kurangin dong iklannya,5,2024-02-04 03:35:42
boboo,"bagus si bagus, tapi makin kesini makin lelet padahal udah make dari lama. kadang waktu pakai vpn sambil call bisa bisa call nya mati padahal gaada gangguan sinyal apapun. entah sengaja dibikin makin lelet apa engga, dari pada buat fitur premium mending sekalian buat aplikasi yang downloadnya berbayar gausah gratis biar lebih berkualitas jaringannya. ada urusan penting malah lamban, ya semoga segera di tindak lah terutama saat call.",1,2024-01-10 03:27:42
Ferry Sebastian,program complit dan mudah dicari,5,2024-02-01 15:49:32
TEMMYUHIL MOKODRIX,coba dulu banyak iklan dan prabayar,5,2024-02-23 18:43:26
Harianto Anto,lebih cepat menerima data.. mohon di pertahan kan.,5,2024-01-05 12:40:09
Bezz Harefa,bagus sih tapi masih banyak iklannya,4,2024-01-22 20:34:59
ultraman taro,iklan nya kurangin lagi yaaa,5,2024-03-21 07:21:10
Wahyu Yudi,"mantap , cepat dan gak lemot",5,2024-01-14 22:05:23
Danang Pranoto,pelayan bagus dan proses cepat,5,2024-02-07 00:44:24
Agus Hamdan,"aplikasi paling bagus untuk membuka situs yg di blok pokok nya gouddd,,,,,,",5,2024-03-17 20:06:13
Fathan Maulana,"untuk user vpn yg terlalu banyak mengeluh karena iklan, kusaranin gak usah download. namanya juga aplikasi pasti ada iklan. kalau gak mau ada iklan ya beli premium. gitu aja ribet. kalau mau ya bikin sendiri aja aplikasi yg lu mau. untuk developer, optimalkan lagi untuk bagian notifikasi, yaitu di notifikasi mengambang, itu saat udah ku close vpn nya notifikasi masih muncul, udah juga ku paksa berhenti tetap muncul notifikasi. thanks.",5,2023-08-22 21:55:23
email tika,"serius nanya yg pada review oke tuh gmn caranya sih? saya pake baru 2 hari emg & coba yg free trial. sebelum pake ini, saya pake aplikasi (n***vpn) dan semua lancaaaaar jaya! btw, saya pake vpn utk netflix aja. tapi knp pas pake turbovpn itu gak bisa ya? saya coba konek ke korea & jepang, eh netflix saya gak bisa masuk. lanjut coba konek ke mexico, singapore & aussie, bisa masuk netflixnya tapi pas mau klik film katanya ada kesalahan koneksi negaranya. intinya, gak kepake di netflix saya. sad",2,2022-07-27 13:48:26
Hafiz Hidayah,"banyak yg mengalami kendala? mungkin disebabkan dari area sinyal kalian yang tidak stabil, usahakan untuk menghubungkan ke jaringan vpn minimal 100kb p/s agar bisa terkoneksi dengan baik. saya pengguna lama merasa puas walaupun ada beberapa hal yang di alami seperti iklan terkadang berlangsung 3-4 iklan -_ tapi not bad semoga aja segera di perbaiki.",5,2020-08-17 19:55:05
Koeda 461,"easy to use,ui simpel,kenapa kok opsi protokolnya d hilangkan y...? pdhal klo kecepatan internetnya lambat dan saya ganti tipe protokolnya speednya kadang sedikit meningkat,untuk iklan tolong cukup sekali skip saja,jangan berulang2 karna kadang suka salah klik,dan tentu ada harga ada rupa,semoga k depannya koneksinya makin bagus dan stabil",4,2022-10-02 05:27:43
Zwen All,"sering terputus sendiri, banyak iklan (iklan banyak bukan masalah, yang penting cuan/uang yang dihasilkan dari iklan itu membantu mengembangkan apk ini ;-) , udah itu aja. kelebihan turbo vpn ini jaringan lancar di beberapa server mungkin dah itu aja <[^o^]>",5,2022-04-01 02:15:23
Kus Indarto,"koneksinya sudah bagus, layanan nya juga cepat, cuma satu kendala aja, setiap mau buka iklan, mau tutup juga iklan,iklannya juga harus nunggu sampai selesai. minta tolong tentang iklan nya kalau bisa dikurangi biar yang dwonload aplikasi ini tidak kecewa.terima kasih",5,2023-07-20 04:57:33
Pengguna Google,lumayan bagus lah fungsinya aplikasi ini..tapi klo untuk mempercepat buka internet sepertinya tidak ya.karena disaat saya gunakan sinyal kurang bagus malah aplikasi ini tidak bisa di buka/di operasikan.saya itu aj yg perlu di perhatikan ya.karena tidak selalu kita berada di zona sinyal yg kuat/full.,4,2019-08-01 23:19:22
Entom Pratama Putra,"terimakasih berkat turbo vpn pekerjaan jadi mudah, cuman sayang! tidak seperti versi yang dulu tidak ada iklannya, kalau versi sekarang kebanyakan iklan di latar belakang ini sangat mengganggu sekali,,, tapi gak apalah yang penting bisa digunakan dan ini tidak mempengaruhi dalam penilaian, tetap saya kasih bintang 5",5,2022-03-30 06:59:05
Boy,"maaf karna instal hapus instal hapus karena cuma bertahan 30 menit an habis itu lelet sekali (padahal kalau tidak pake vpn tidak lelet), semoga segera diperbaiki. mending dulu kalau mau naikin speed nonton iklan daripada sekarang cuma bisa pakai 30 menit an aja.",1,2022-06-07 22:11:49
Pengguna Google,tolong diperbaiki lagi ya!!!!! knapa sinyal saat sudah terhubung jadi lemot ya. padahal sebelum terhubung kecepatan wifi saya bisa sampe 4mb/s. tapi setelah terhubung cuma 500kb/s ya. tolong ya admin tolong lah dibeneri lagi kalo udah gak lemot lagi kukasih 5 bintang. trimakasih,2,2020-01-13 12:04:27
as Syuhada,"meski jaringan sering terputus dan harus menyambungkan ulang dengan cara masuk ke aplikasinya lagi dengan kata lain menghubungkan manual tapi tetap saya apresiasi dengan bintang 5, namun tolong jangan berhenti berinovasi contohnya dengan membuat fitur agar ketika jaringan terputus dapat terhubung kembali secara otomatis... demikian, terima kasih, semoga dapat terwujud kedepannya fitur seperti yg saya harapkan..",5,2021-01-13 15:43:44
Pengguna Google,"setau saya vpn ini kan untuk menambah kecepatan jaringan ..ketika sudah terhubung kok jaringan saya malah semakin melemah ..bahkan untuk masuk game online pun tidak bisa ..sebelum terhubung kecepatan jaringan saya 100k/s dan setelah terhubung menjadi 0,00k/s naik turun hingga b/s ..tolong diperbaiki dong  dan bagaimana solusi nyah ?? terimakasih ..",5,2019-03-03 18:50:26
Annisa Dian,kalo iya masalah jaringan coba dipake sendiri aplikasi buatannya. makin buruk nih aplikasi sampai bikin frustasi. saya bukannya jelek-jelekin tapi ungkapkan fakta aja. saya pake ini kadang keluar sendiri dan bikin kesal setiap kali make. masa baru aja beberapa detik pake malah keluar sendiri kan ngeselin. juga kebanyakan iklan! wajib itu setiap kali masuk aplikasi dan isinya pun gak penting. saya lebih suka aplikasi yang dulu bukan versi update-nya yang malah memperburuk rating pemakaiannya.,1,2023-05-24 19:20:12
Abi Ray,"gw pemakai dalam setahun lebih dan cuma ini yang ada server gratisnya kalo misal gw kerja di digital aja gw ga masalah kalo berbayar karena bakal ke pake tiap hari, karena pakenya jarang jadi ngambil gratisnya aja, jaringan kuat cuman hanya beberapa menit aja... soal iklan ga dipermasalahkan juga karena itu penghasilan tambahan juga. tingkatkan lagi kualitasnya kalo aja aspirasiku di dengar mungkin bintang nya nambah",4,2022-05-11 23:22:54
Ragil Mukti,"aplikasi ini masih sama seperti versi yang dulu, tidak ada perubahan. disaat menyambungkan ke jaringan, selalu muncul iklan dan menjadi lemot. selain itu, sambungan vpn ini dapat terputus dengan sendirinya jika tidak di gunakan untuk menjelajah internet. mohon di perbaiki lagi, kalau bisa jangan berbayar. terima kasih.",2,2020-07-14 22:21:25
Ahmad Ridho,"memang aplikasinya sangat berguna tapi akhir akhir ini sering terputus koneksinya karena kebanyakan iklan. nempel iklan di aplikasi boleh boleh saja tapi jangan sampai beruntun lah, masak belum 2 menit iklannya banyak alhasil susah connentnya.",1,2021-11-16 22:44:59
Syahrul Hadi,"lumayan, kelebihannya: bisa membuka link yang bermasalah dengan jaringan dan jaringan menjadi lebih cepat, kekurangnnya: terkadang sedikit memperlambat jaringan. misalnya: saat saya menonton youtube terkadang selalu loading, sudah saya putar balik 10 detik kebelakang masih saja loading, jadi saya harus mengaktifkan mode pesawat dulu dan mematikannya kembali dan youtubenya pun menjadi lancar seperti sebelumnya. tapi saya sangat terbantu oleh aplikasi ini. terima kasih.",4,2021-12-25 16:27:44
ryu jii,"awal awal bagus tapi kemudian tidak bisa terkoneksi padahal sudah coba berulang kali dan ketika saya download sesuatu di google/chrome sangat membutuhkan waktu yang lama dan ketika menonton video youtube tidak hd jika saya menggantikan nya agar hd sering ngelag dan lama, jaringan nya kurang lancar juga tapi lumayan untuk vpn",3,2023-07-02 23:38:01
SNSD give me TWICE to BUDDY from ITZY,"sangat sangat buruk!!! semua harus vip gak kaya versi dulu banyak yang free. kalo sekarang yang gratis juga di waktu, mana lama banget lagi kalo nonton iklan biar bisa perpanjang waktu. terus internet jadi lola banget pas pake vpn ini, tapi pas gak dipake lancar jaya tuh.  pokoknya kecewa!!!",1,2021-11-30 06:01:43
Dasep Ono,"bisa,menyambungkan telpon dari luar negeri ,makasih turbo",5,2024-03-12 23:03:47
Markus Marbun,bagus dan masih banyak iklan,5,2024-01-15 00:45:38
Bakhtiar Nj,"sesuai janji saya untuk kasih bintang 5 karena turbo vpn sangat bisa di andalkan,ya kalo masalah iklan ya sudah wajar namanya juga gratisan.",5,2023-10-20 20:25:02
Alfatih Alfatih,"saya pernah uji coba 1 jam bagus aplikasinya karena saya kemudian pergi melaut yang tak terjangkau oleh jaringan ,lalu saya batalkan untuk langganan sekarang ingin uji coba lagi .",5,2023-11-13 22:52:35
ariefbijaksana Pkde,knpa skrang sering keluar sendiri tpi aplikasi ini tetap mantuuuap broo,5,2024-03-03 04:28:10
Rachmad D.S,"ok, aplikasi bagus bekerja dgn baik, tp iklan nya banyak. maklum namanya jg gratisan wkwk...",5,2024-01-05 02:28:35
Oppo Alapantiga,mungkin aku mencari yg gratis dikarenakan ini tidak bisa dipakai karna harus bayar saya harus uinstal saja ya,1,2024-03-18 12:35:55
Haryono Hary,"sangat membantu,kurangi iklan",5,2024-01-27 20:57:54
Suriyon Rion,sangat bagus bisa membantu koneksi internet ke mnh pun,5,2024-02-20 08:30:25
Waluyo Hoky,sangat membantu dan cara pakainya juga tidak ribet,5,2024-03-13 20:22:07
IQBALL ARRIFI,sangat membantu dan mudah di gunakan,5,2024-02-22 07:31:04
Ayu Rofita,"bagus,koneksi cepat bngt",5,2024-02-26 23:04:05
Relly Naruto,"apn turbo tak diragukan lagi buat konektifitas segala macam kegunaannya, saya rekomendasikan bahwa apn turbo sangat bagus banget dan saya selalu memakainya diantara apn abal2 lain,,,, inilah yg bisa dipercaya. mungkin bagi yg sering buffering dikarenakan sinyal atau jaringan didaerah anda kurang memadai.... saran saya,,, tingkatkan lebih baik lagi segala yg ada di turbo vpn,,, supaya kita bisa selalu tetap dan terus menggunakannya,,,,terima kasih.",5,2023-05-27 14:18:00
Aliyah arsanti,kapok ngak ada yang bagus lemot,1,2024-03-17 22:11:33
Rafin Harist Prasetya Rafindra,app ini sangat bagus daÃ± luar biasa namun kekurangannya agak sedikit yaitu iklannya sangat menggangu setidaknya pihak app ini mohon kurangi iklannya sedit atau tanpa iklan dan itu saja masalanya dan kebagusanny kalau kalian para ingin mendownload app ini jangan kalian ragu atau takut intinya app ini luar biasa,5,2023-10-25 02:59:11
abang Rohmat,mantap aplikasi nya semoga berkembang lebih bagus lagi,5,2024-02-13 23:04:18
Sandi Putra,apk nya bagus tapi sayang jaringannya kadang hilang,3,2024-02-29 11:31:48
Padizah Nst,"aplikasinya bagus,jaringannya harus ganti klou dah lama di pake",5,2024-03-07 00:34:43
Abdul Rohim,mudah mudanan membantu terhadap kendala jaringan,5,2024-01-09 08:24:24
Supratman Oppo,"kualitas jaringan nya tolong di perbaiki lagi,kalau sudah lebih baik bintang lima akan menyusul..",4,2024-02-20 00:16:54
Arkan Raka,"untuk awal pemakaian sudah bagus, cuman lama kelamaan nyambung server nya susah dan iklan semakin banyak",2,2023-12-21 00:42:12
Rafi Sonaji,bagus kalau bisa tambah fitur nya,5,2024-02-17 17:57:14
Lili muslihat Subandi,"lumayan bagus. cuma leletnya minta apun. ada iklan tak apalah, asal jangan terlalu sering dan terlalu panjang durasinya. ini mah parah cuy, sudah iklannya sangat panjang, parahnya tidak bisa di skip. supaya berimbang kecewanya, saya uninstal saja.",1,2021-10-09 12:07:59
Pengguna Google,"setelah saya padam hp lalu saya menyalakan kembali, dan saya tekan hubungkan koneksi.. ternyata vpn sangat bagus sekali jaringannya.. facebook yg tadinya bermasalah jd normal kembali, dan saya kuga bisa buka instalgram, dan lain-lainnya.. . berharap aplikasi ini bisa bermanfaat untuk seterusnya ",5,2019-05-24 13:50:42
Pengguna Google,"aplikasi nya bagus kok, tpi kadang mengkoneksinya agak lama kadang gagal terhubung juga kalau dipake nya lama sampe berjam2 kadang hilang gitu aja harus menghubungkan ulang, mungkin efek signal dan jaringan nya terlalu gede..",5,2020-01-12 23:20:27
Muhammad Aziz baruna,"saya sudah menggunakan ini sekitar 3-4 tahun. dan mungkin anda harus menghapus deskripsi ""100%gratis!"". dan tolong hapus fitur durasi. saya tidak masalah kalau beberapa server dibatasi dan terlalu banyak iklan, tetapi membatasi waktu penggunaan sepertinya sudah keterlaluan.",5,2021-11-24 11:41:27
Asep Saepulloh,cukup bagus apalagi ga ada iklan,5,2024-01-31 19:41:48
datuk malani,mantap tapi baiknyo sinyal nya di perkuat lagi donk,5,2024-02-17 01:10:44
Pengguna Google,sangat bagus bangst bisa terhubung ke seluruh dunia,5,2024-01-17 15:32:18
Bethek 86,iklan nya ya boss jngn terlalu lama,4,2024-03-20 19:44:37
Honest Merciful,tolong jaringan free nya harap di lancar kan.....,5,2024-03-09 03:56:25
Arya Maryana,jaringan lambat perbaiki lah,1,2024-01-20 20:56:40
shadqi 19,"koneksinya bagus pas pake von nya gak ada kendala,tapi yang jadi kendalanya itu pas iklan sering banget gak muncul tanda silang untuk iklannya padahal udah habis durasi iklannya dan udah ditungguin sampai 10 menit tapi gk bisa juga keluar dari iklannya,tolong min di perbaiki sering banget kendala kyk gini soalnya",4,2023-05-23 07:40:51
Mohamad Priyanto,sayang nya iklan nya banyak,5,2024-01-15 01:48:54
fairuz fairuz,baru coba gratis.. klo bermasalah hapus aja,5,2024-01-12 00:37:49
Toni Toni,sangat membantu soal iklan wajar,5,2024-02-01 08:35:32
Hnc Mobile,bagus sangat luar bisa muda dan nyaman,5,2024-02-27 00:18:40
Willi Lagani,tolong di tingkatkan lagi jaringannya,5,2024-03-12 21:53:29
Feni oktalani,aplikasinya ok..dan sangat membantu tapi tolong dong jgn hilang2 trs jaringan vpn nya,5,2024-03-24 01:51:51
Aisyah Rani afandi,"aplikasi ini alasannya demi menonton bokep hah! apa apaan, sama dengan dosa aja , aku kasih bintang tiga maaf ya ini juga ada tarif pembayaran juga tapi iklannya itu lo yang bikin ganggu ",3,2023-12-15 14:14:01
P7 G4ZE,lumayan lah koneksi nya tapi kemahalan vip nya good,5,2024-01-12 06:16:40
ropik 123,kurang bagus kurang tepat berapa kali pindah udah mantap bintang 5 jos terus,3,2024-01-30 22:17:01
Rudi Priady,sangat lancar dan puas,5,2024-03-22 03:08:19
Candra Satria,cukup bagus untuk selancar di web privaci,5,2024-02-19 14:59:57
ã‚¸ãƒ§ãƒŠã‚µãƒ³,"dev kok gk bisa beli premium padahal dana saya cukup tapi malah muncul dana anda tidak cukup.jadi saya kasih bintang 3 dulu, makasih",3,2023-10-27 06:15:25
Kus Wandi,lebih cepat dan mudah login nya,5,2024-01-21 07:48:04
Ndftlhwdi _21,slm dr sy semua bagus tapi ad kendala si dikit tolong dong jangan putus2 sinyal nya pasti anda mengerti..... pokok nya tidak ribet apk ini sangat cepat,5,2023-10-13 22:35:36
Kang Babi,lebih di tingkatkan lagi biar sinyal nya lebih bagus,4,2024-02-15 08:53:30
Fikri Fikri,baru dicoba mudah mudahan bisa digunakan,5,2024-03-07 21:50:00
Ahmad Sanim,saya suka apknya cepat yang kita cari langsung ada di beranda tidak lemot/ lancar untuk di bukanya terimakasih saya kasih bintang 5 pul,5,2023-10-19 11:35:58
Redy Harjadinata,"bagus, cepat,dan mudah di gunakan.",4,2024-01-25 07:17:52
AKBAR TANJUNG,bintang 4 cukup sih soalnya server nya masih kurang kayak china,4,2024-02-18 00:50:51
Hendri Julianto,sanggat bagus dan memuaskan satu lagi sanggat membantu,5,2024-03-19 01:28:59
Clicks Aja,ehmm.. baru beberapa hari di puji. kini kembali terdapat iklan lokal masuk ke sever yang digunakan . tingkatkan keamanan lagi. agar terhubung dengan stabil dan dapat iklan yang sesuai sever saat digunakan agar terjamin keamanannya. maupun yang free or premium.semoga terbaik vpn turbo ini kedepannya,4,2022-08-13 18:10:21
Anonymous19,in8 vpn lumayan buat cari cuan game2 yg nonton iklan...pake vpn ini bisa jebol....hahahaaa...dr jaman game candy kaboom ampe game2 jaman now masih wort it vpn...untuk yg dana kepotong itu awal akses jgn voba gratisan...klik aja logo x di pojok atas...klo lo pade berlangganan yah iyalah saldo lo ilang....hahahaaaaa....,1,2023-12-11 13:38:33
Ridho senja,ok bagus juga...iklan y kalau boleh kurangi bos,5,2024-03-17 01:04:13
edy hamonangan,"thanks atas aplikasinya, semoga semakin melengkapi jika kedepan terdapat kelemahannya",5,2024-03-15 00:08:37
Dave Chanel,bagus sekali loadingnya tapi loading semakin lambat,5,2024-01-12 22:54:45
Savta Jaya,"ini aplikasi makin lama makin banyak iklannya udah lama sampe 33detik, mending pake aplikasi vpn yang lain.",5,2023-12-17 22:21:19
Pradipta Rafanda,bagus dan lancar tanpa gangguan,5,2024-01-24 23:37:26
Anchuck Jr,sangat cocok bagi yang berminat aja,5,2024-03-17 08:51:25
VanS Andriyansah,recommended vpn. sangat rekomendasi vpn & lancar banget,5,2024-03-04 00:32:41
Firman Ali,tolong di percepat lagi sinyalnya,5,2024-02-10 00:42:18
Badriah Badriah,koneksinya sangat cepat.mantap,5,2024-01-16 00:15:32
Yulyan Diki,mantap..tapi iklan .baeee ..,4,2024-01-21 02:21:21
Sumihar Sinaga,"kasih bintang 4 dulu, masih lagi mencoba apk nya turbo vpn",4,2024-03-14 19:55:17
Fatih Khairy777,sinyal nya jelek banget setiap nyambung. perbaiking ngapa.,2,2024-02-16 11:54:22
Indah ratih Indah,"standar lah aplikasinya, kalo ba lbih di tingkatkan lagi",4,2024-01-16 22:23:35
Eka Setiawan,lumayan buat streaming video tapi sayang kadang-kadang lemot banget sinyal nya trus kalo nyangkut/nyasar ke jaringan negara lain selain amerika pasti gak bisa kekonek harusnya developer nya dikembangin lagi apk nya biar lebih enak dalam penggunaannya overall saya suka sih....,5,2023-10-23 18:10:29
kanda kanda,bagus aplikasi ny yg di kunci apapun ini solusinya ny,5,2024-01-31 15:29:00
Muhammad Shadiq,browsing cepat bebas hambatan,5,2024-03-08 10:18:37
Muh Din,apknya lumayan bagus tapi loadingnya lambat,4,2024-02-02 05:43:09
Andre Surya,bagus tapi sayang kalau lama suka loding,4,2024-03-21 15:18:49
M.Taufan Hidayat,sangat baik.sistemnya membuat puas saya dan semoga kedepannya jaringan untuk yg free diluaskan lagi,5,2023-12-26 00:49:18
Septria Ayu,"muncul iklan cepet ngga ada satu detik, mengkoneksikan gagal terus, langsung uninstal bintang 1",1,2024-01-01 21:01:35
Axl Alexander,splikasi nya mantap gampang dimengerti dan mudah dalam cara penggunaan nya.,5,2024-02-10 02:49:44
Naura Cupcake,awal2 make bagus tapi ini kok sekarang sering banget di pilihinnya server yang paling lambattt buka web aja susah,3,2023-12-30 02:15:58
Ano Juhana,sangat bagus tapi maaf ada yg kurang lokasinya dan percobaan gertis nya jangan 1 bulan,5,2024-01-01 17:44:48
Dymas Adytia,"setelah menggunakan aplikasi ini anak saya jadi lebih bersemangat dan juga lebih jantan, dari yang awalnya suaranya cempreng jadi lebih berat",5,2024-02-04 19:24:29
Parmujiyo,aplikasi lumayan.kalau nyambung bagus.tapi sering putus.ganti lokasi koneksi.bikin susah.kalau untuk kerja.ngulang2 lagi.,3,2024-01-10 09:48:31
Anjas Dwi Putra,"iklan nya kurang banyak tot. gila nih apk, sarang iklan dalem nya. nyesel gw download nih apk, otw uninstal ah....",1,2024-01-05 00:20:19
Rediana aby putra,untuk membantu koneksi layanan youtobe lainnya okelah bisa mempermudah lebih baik..,5,2024-01-03 14:04:33
Anita Pandu prakoso123,"biasanya lancar kenapa ini gagal2 terus gag bisa masuk, tahun baru kok mlh jd lemot.. tlg d perbaiki... ",3,2024-01-01 19:36:23
Dody Maisucipto,"banyak iklan nya, jaringan eror mulu. makasih suport nya",1,2024-02-12 18:19:52
Muh Rizal,"pengalaman sya semenjak sya menggunakan apk vpn waw,, sangt2 memuaskan sekali.. pokonya keren dehh.",5,2023-12-27 02:46:25
Rudy Pribady,sangat membantu kerja saya yg harus downlod dari luar. khususnya video pendek tanpa watermark,5,2023-12-26 16:12:03
Razyy,"jelek jaringan udh diganti ke negara/wilayah yg lain sama aja, buang buang waktu gw buat baca bl",2,2024-01-02 19:53:06
Hari Yanto,kurang 1 bisa gk jangan tampil diatas layar aktif enggak vpn nya...tolong la malu cuyyy,5,2024-01-03 02:27:25
Mr Yudi,"saat pertama menggunakan saya beri bintang 4, bila dipakai terasa lebih baik, cepat dan aman maka akan saya beri bintang yang terbaik. semoga aplikasi ini menjadi yang terbaik dari yang baik.",4,2024-01-05 09:15:33
bolon black87,bagus.. tapi kenapa bisa terputus sendiri turbo vpn nya,5,2023-12-26 05:26:55
Babang Rahman,turbo vpn adalah aplikasi sangat bagus untuk mengakses server lain,5,2023-12-30 16:57:56
Galang Hendriansyah,jaringan tdk bagus terus pas pake nih apk,1,2024-03-12 22:55:45
Aris Black,bagus aplikasinya tpi tolong agak ditingkatin lgi soalnya kdang2 mati sendiri + kluar sendiri..,4,2024-01-01 21:28:44
Hasan herlandy Herlandy,bagus sih.cuman kalo sudah pemakaian lebih dari 1 jam jadi lemot banget,3,2023-12-28 05:48:51
Arius Imanuel Bastian,bagus banget ya ampun dan efisien untuk mencegah terjadinya lemot dan juga gak terlalu ke my,1,2023-12-30 21:24:33
nengpanda 96,aplikasinya sudah bagus tapi mohon untuk jangan terlalu banyak iklan,5,2024-01-05 23:33:32
Bangkit Sajati,canggih cepat akurat gg menesel masang apk yg keren ini...! puas puas & puas...!!! *****,5,2024-01-10 22:59:57
Yosa Febriwon,"mantap lh pokoknya, tingkat kan terus",5,2024-03-01 17:04:51
Tomtom Ori,tolong lebih diperbaiki lagi untuk kecepatan download,4,2024-02-26 22:21:43
arif m khair,"aplikasi udah bagus, untuk kecepatan jaringan waktu di pakai juga stabil, tetapi umtuk tampilah awal agak susah untuk di pahami dan sedikit pilihan menunya",4,2023-10-08 00:30:49
Bang Adit,sangat cocok untuk perjalanan,5,2024-03-07 06:00:52
Mulyadi N'cek,apk nya bagus tapi yang kurang tidak bisa saat maain game,4,2024-02-01 08:12:27
Oldy Abas,koneksi bagus dan cepat,5,2024-03-16 00:30:40
Agus Haeruman,klo bisa jgn terlalu bnyk iklan,4,2024-02-22 11:32:44
Iim Irwanto,iklan nya terlalu lama,3,2024-01-18 00:18:29
Yuu Kun,"buat server khusus call of duty itu masih masih ngelag, bikin delay saat nembak. diperbaiki lagi ",5,2023-11-29 10:41:34
Oki Pulih,bagus cepat dgn koneksi super,5,2024-02-08 14:24:00
Marlina Dumingan,"aplikasi ini sangat,sangat sekali membantu saya... terimah kasih play store",5,2024-02-17 05:17:44
Feri Hermawan,lancar jaya sedikit iklan wajar,5,2024-02-08 08:21:48
Irmank Manl,aplikasi nya sangat bermanfaat dan bagus saat bermain game aplikasinya bagus,5,2024-03-18 14:11:40
Nurul Laili,bagus tp iklannya bnyak,4,2024-03-16 13:44:31
pak Katim,bagus nih jaringan nya tiada nge. like,5,2024-02-29 13:51:38
Oni Parlina,mudah dipakai dan sangat membantu sekali...,5,2024-03-19 20:04:46
