,content
0,sangat guna buat masuk situs susah akses suka error iklan nya tidak asa banyak banget tiap kali main paling cuman 2-3 iklan muncul durasi iklan rasa wajar jadi inti tuh aplikasi bagus o o
1,aplikasi sampah jaring lot terus iklan mana iya maklum kok iklan yoo jaring astaghh susah banget buat nonton live streaming aja cuma kualitas mentok 240p itu banyak mutar nya bahkan kualitas 144p aja suka loading banding aplikasi vpn lain wow luar biasa pake nonton banget tembus 1080p lancar banget ada tuh masalah jaring mutar nyesel banget download aplikasi vpn ini sangat sangat di rekomendasi
2,dia hilang status bar ya mana tulis enak jadi salah perangkat ketuk sambung kembali suruh nyambung iklan mati iklan balik lihat status bar aja suruh nyambung dan iklan rajin banget untung bikin
3,bintang5pasti dong lama guna vpn turbo sangat muas recommended banget buat kalian2 butuh aplikasi vpn vpn turbo best lah skrg msh baik mudah ga sulit terus jaga tingkat alam sampai skrng makin baik coba kalian bukti lalu beda dngn lain
4,masalah nya suka putus2 sendiri vpn nya 20 menit jalan bagus tiba2 minta ganti lokasi lagi di ganti lokasi baik jadi sementara kasih 1 bintang dulu kalau tidak seperti begitu baru kasih 5 bintang
5,maff buang bintang nya harus delete  karna sanga buat kesal tiba2 koneksi nya non aktif kan kalau tengah buat apk lebih baik ga usah buat aplikasi kayak gin
6,bagus bagus sih tpi msi butuh agret sya brikn 4 bntng dlu soal nya msi banyak lgi harus baik sprti putus nya koneksi msih lambat iklan trllu banyak
7,sangat bantu buka link d blok sukses terus buat aplikasi nya sekarang gbsa download d situs rangin 1 nnti klo bsa download lg sya tmbh lg bntangnya trims
8,sangat bagus cocok main game tolong baik karena kadang putus sendri mohon baik terimakasih
9,komentar tentang vpn ini sejak mts hingga vpn memang baik buat  bisa tahun 2015 an pakai turbo vpn bagi ini keren jika pengin luas pakai premium langgan saya pilih tidak walaupun uji coba pokok keren turbo vpn makasih
10,koneksi cepat ribet masalah iklan wajar nama gratis kalau mau tanpa iklan harus bayar terimakasih banyak aplikasi boss sukses terus
11,sangat senang web situs semua tadi nya ga jangkau sekarang bisa karna aku pakai aplikasi ini harap kembang update buat lanjut aplikasi ini lebih bagus mudah semua pakai nya terus semangat kawan kerja jangan putus asa kecil hati sebab mulut mulut tdak pantas di dngar maupun orng tidak kenal kenal bahkan dri lingkung anda sendiri lah bisa nilai mna yang baik mulut
12,nah sangat bagus otomatis pilih lokasi ramban juga bisa full durasi nya kalau vpn biasa maksimal 1 jam
13,sangat bagus dari segi lancar kenceng ada suatu masalah kadang iklan nya tiba tiba bikin eror kalo depan baik kasih bintang lima
14,pernah langgan aplikasi kenapa tiba tiba saldo dana potong sudah no mal besar minta aplikasi bisa kembali saldo dana yang langgan tidak sah
15,sangat bagus kalau tolong iklan nya rang sangat meganggu lebih tingkat dan sukses terimakasih
16,baik lancar moga tambah dg fitur terjemah sesuai ingin negara guna  pengupload video bokep barat nya subtitle  terjemah donk
17,moga guna aplikasi turbo vpn bantu untuk browsing selalu jaga tiap website saya kunjung amin sukses selalu turbo vpn  turbo vpn lite
18,saya lebih teliti baca benar nyata aplikasi kumpul banyak data guna aplikasi ini beri pihak tiga jadi teman teman harus bijak guna aplikasi jangan langsung download
19,lama menggunaka vpn ini tetapi makin kesini makin banyak iklan bukan masalah iklan tiap muncul iklan buat koneksi putus mungkin perlu koreksi tempat muncul iklan tsb terimakasih
20,aplikasi nya lumayan bagus sangat bantu walaupun tiba tiba jaring nya sedikit lelet sangat bantu jadi kasih bintang 4 dulu
21,bagus tapi di optimal agar jadi terlalu berat buka browser
22,aplikasi ini bisa buka unjung website suka saya x twitter lihat donwload video motivasi pagi hari p ajar biologi sangat rekomendasi 5 5
23,kalau sekarang aplikasi belum buka lihat apa isi baik dalam nya sementara dgn rasa sedikit kecewa saya beri bintang 2 dulu
24,sangat bantu buka suatu link download upload file batas sistem websitenya sayang iklan banyak kalau iklan harus kena biaya per bulan saran saya guna baru download situs turbo vpn bebas iklan bagi guna situs ini lebih bulan tidak rasa berat iklan saya download turbo vpn kena biaya moga makin banyak guna turbo vpn iklan fnxedws
25,entah sekarang vpn jalan loading cepat siput bukan app di browser google aku sangat stress benar plz
26,aplikasi vpn yang paling bagus saya browsing internet lancar download cepat two thumbs up for turbo vpn
27,turbo vpn parah koneksin cuma sebentar kuawalahan bulak balik buka jaring vpn mohon yang punya appk tolong baik supaya guna vpn lebih nyaman
28,terkadang lot terkadang cepat banyak iklan untuk maka gratis tidak langgan saya cukup bagus
29,sangat muas anti lemotmantap donlot aplikasi kawan semua jamin mantap tinggal ketik apa kalian mau langsung muncul mantapppp okeh kawan trimakasih
30,aplikasi bagus sangat bantu iklan nya sangat banyak buka aplikasi
31,aplikasi jalan sendiri stock browser bisa atur aplikasi apa butuh vpn tidak bisa cakup semua aplikasi hubung internet utama semua jenis browser mode gratis cepat kendala palagi paid vpn cocok kaum satu bangsa cara mudah simpel tinggal klik sekali hingga muncul server negara kalian tinggal masuk browser yang kalian suka iklan muncul vpn mati have a nice private time
32,sangat bantu walaupun sedikit iklan ganggu kalau mau iklan bayar saya suka aplikasi ini di guna walaupun gratis harus lihat iklan bayar wkwkwk
33,sumpah ni aplikasi banyak iklan nyalain muncul iklan mau matiin iklan mulu mana iklanya lama lama bgt
34,alhamdulillah udah berapa kali make jaring cepat dapat juga sangat bantu buka link ga buka makasih
35,pokok bagus sesuai fungsi sia sia kalian mau download aplikasi dukung sangat baik meski banyak iklan bagusssss lahhh
36,aplikasi bagus bantu buka link download upload file sangat lancar saya beri lima bintang aplikasi turbo vpn mantap
37,sangat bantu juga rusak jaring lambat perangkat mohon tingkat server nya makasih
38,sinyal hilang hilang terus baru beberapa detik nyala langsung hilang
39,lumayan buka situs bokep jd lebih mudah  cuma buka situs slot aja rungkad terus
40,aplikasi sangat bagus koneksi pun cepat akses semua video
41,sangat bagus cepat iklan di kurang
42,aplikasi bagus super cepat pokoya puas baru uji coba mudah2han tambah bagus haya bintang bicara
43,mantaaab dan baik jaring awal awal kencang selang beberapa waktu jalan dadak lot jaring
44,jaring setabil aku koreksi ada pengaruh tingkat koneksi internet maaf kaya secem cuman buka blokir situs 
45,ok aplikasi sangat bgus utk kuat daya jelajah server sulit utk tembus memang mantap
46,turbo vpn sangat bantu buka link batas meski iklan nya ganggu itu bukan masalah
47,good application turbo vpn bikin semua akses jaring favorit jadi lancar aman top bgt gan
48,log in ke roblox kenapa tidak masuk game wah apa apa selalu disconnected
49,aplikasi bagus  cuma laku banyak iklan iklan terlalu panjang bos kn
50,sangat bantu masalah iklan begitu jadi soal krn gratis juga sy suka aplikasi
51,bagus cepat sayang banyak iklan d kurang iklan nya terimakasih
52,banyak iklan tidak pantas mungkin jaring alih negara lain cara ubah nya thanks
53,di tingkat cepat akurasi nya untuk nyaman guna dpt lbh banyak nikmat situs2 lain
54,iklan iklan  iklan sangat bantu cari finally vpn best bgt
55,sangat bantu saat buka file blokir vpn semua jadi mudah  lancar tank too vpn turbo
56,cukup lumayan cepat saya suka pakai turbo vpn karena download bagai video tidak rugi dowload aplikasi satu
57,aplikasi lumayan bagus masih kadang suka lambat lemah jaring tlng benerin ya
58,aplikasi cepat efisien kara iklan sudah wajar lebih nya oke
59,bagus internetan transit bandara china kalau ga pakai vpn ga internetnya
60,q kasih bintang 2 ketika aktif vpn ni aplikasi chat jadi ngk bisa
61,aplikasi bagus lag main game banyak negara bisa pilih
62,tiba motong saldo padahal langgan 187 500 bukan uang sedikit sungguh aplikasi rugi tidak terima saldo potong pihak konfirmasi
63,aplikasi nya sang at batu beri 5 cuman mohon ikalanya kondisi kan guna kecewa jos
64,kira bagus malah buruk cepat kurang internet jadi lama biar kan bintang satu karena aplikasi jelek
65,aplikasi bagus banget mudah guna ribet lumayan banyak server free mantap dah
66,halo developer turbo saya tanya buat wifi sambung memang bisa tidak bisa buat wifi wireless
67,bagus aplikasi cuma klo iklan jangan paksa di klik karna sanga ganggu trimakasih
68,aplikasi bagus semua situs internet mudah buka lancar kalau di lancar jaring
69,sangat bantu  jadi gampang mau ngeluarin tinggal buka aplikasi lalu nyari video
70,game apa ini kasi bintang 5 biar baik gamenya kalo gamenya bagus kan banyak minat
71,aplikasi turbo vpn in sangat baik situs cari cepat kita dapat aplikasi in pokok sangat bagus
72,turbu vpn adlah aplikasi sangat bagus teman2 karena paling cepat juga aman buat situs kita cari skrg semua kita lihat aplikasi turbo vpn jgn pusing sini lengkap yang pasti paling aman anti blokkkkkk
73,sangat sangat bantu sangat sangat the best bagus smua dalam lain pecah masalah besar jos
74,turbo vpn cakep banget gan bantu dlm selancar internet dunia soal iklan udah biasa
75,jauh masih fine2 aj sq sangat enjoy mnggunkn apliksi ini tapi durasi skitar 3 jam stlh lelet gk tau ap pnybbnya
76,benar bagus sih aplikasiny cuma cepat aja kurang cepat mohon baik
77,coba aplikasi dulu utk cepat konektivitas jaring mumpuni
78,mantap lebih tingkat biar ip hp sembunyi tidak deteksi
79,baik sekali d tempat gunung hp ga lot tingkat layan lebih maaantaaap hebat
80,sangat bagus cepat walaupun iklan sangat bantu yang gratis
81,bagus jauh aplikasi sangat bantu jalan pribadi cepat aman 
82,aplikasi sangat bagus tapi tingkat cepat nya
83,sedikit baik masalah server koneksi buruk bisa stabil
84,vpn parah awal lot sih memang gratis masa speed 15 bytes
85,sering keluar sendiri kadang putus suruh ganti lokasi baik masalah
86,terlalu banyak iklan suka putus2 sendiri baik la
87,cocok nonton yutube latar belakang kaya buat gantiin yutub premium pas denger musik
88,vpnnya memang top dah sesuai nama turbo
89,cepat internet nya usaha tetap stabil kondisi cuaca apa
90,mantap namun iklan jangan terlalu sering yaa
91,sangat suka dgn ada aplikasi turbo vpn ini semua lancar semua buka
92,kasih bintang lima karna aplikasi sangat bantu cari apa baik negeri maupun di luar negeri
93,alam ajar positivnya ambil utk diri sendiri
94,aplikasi babi ngrusak sinyal iklan nya non stop lebih baik un instal
95,aplikasi yaa bagus cuuy gak lecet mudah kontrol
96,bagus banget gilaa sinyal lancar ngelag suka banget dehh
97,turbo vpn memang senang hilang stres
98,terimakasih kalian buat turbo vpn make aplikasi kalian untuk nobo  moga sukses selalu
99,sangat sangat sangat bantu buat buat situs link streaming bola luar best vvn
100,sangat bantu cuma kadang iklan main nyrobot aja lebih mantaapp
101,lumayan cuma saran saya moga depan download apk
102,aplikasi nya bagus si terlalu bnyak iklan nya
103,mantap kalo lancar suka mati sendiri bagus
104,sangat bantu sekali kerja mudah guna moga lebih optimal belum
105,baru download tapi ga koneksi trus padahal pake wifi aneh
106,cukup lumayan klo bsa akses stabil nya di tingkat lagi
107,saat sudah sangat bagus kalau tingkat jaring nya
108,keren emang baik turbo vpn ini makasih atas aplikasi sangat bantu
109,aplikasi sngat bantu unduh video sekali kami ucap banyak terimaksih
110,kurang stabil segi jaring  mohon baik supaya depan lebih bagus
111,sangat bantu inti suka mode free lncar meski hrus bayar dgan nonton iklan
112,guna vip kecewa banged tahan beberapa menit aja abis off lagi gimana ni kok gin sangat rugi uda beli vip mahal
113,sangat bantu banget lihat film drama sulit buka pakek apl turbo langsung buka trimakasih turbo vpn
114,saya aplikasi sangat bagus soal iklan masalah saya turbo vpn ni bos senggol dong
115,juga rupa aplikasi jempol kaum adam punya gairah sex juga bida napikan orang panatik mrngabaikan ini saran buat konten sangat sangat tarik sem kaum dg batas umur tetap tidak timbul masaalah kemudian hari
116,lumayan vpn gratis kalau mau cepat harus bayar
117,oke lah buat vvn hampir lebih dri 20 gua dowload yang baik cuma banyak iklan
118,top banget suka vidio nya biasa nya ga pake aplikasi turbo sekarang pake aplikasi turbo
119,aplikasi sangat bagus bantu cuman klu iklan nya rangin
120,sangat bagus aku suka bangan ma apc ini walupun ado dik gangaun saran aku iklanyo klw di rangin
121,aku kasih bintang full ajah soal aku baru download aplikasi tanksmantap aplikasi aplikasi keren bisa buka situs di blokir thanks
122,aplikasi nya bagus sedikit ganggu iklan nya agak lama bintang 4 aja
123,tambah cepat mudah guna memang topmarkotop makasih pengmbang
124,sangat bantu banyak iklan wajar ya terimakasih
125,tau penggunaanya bantu dong tentang guna aplikasi kami masih tahu nyata aplikasi bayar jadi saat untuk apa aplikasi benar lebih baik aku uninstall aja
126,hapus aplikasi nya ngerti cara pake aplikasi nya ada opsi cari situs mau buka menuhin simpan aja nyata
127,app nya bagus jauh sangat lancar iklan terlalu banyak
128,aplikasi lumayan bagus aq rasa ganggu iklan
129,sangat batu banyak hal minta iklan rangin biar makin bagus
130,bagus buka link download file jadi mudah cepat
131,tambah koneksi nya biar kaga loading lama yaa terimakasih
132,klo putar video sdh lebih 30 menit tiba tiba delaynya lama
133,sinyal bagus kenapa pas pakek aplikasi turbo vpn makin lelet 
134,tidak pernah langgan sama aplikasi terus tida pernah pencet uji coba tiba2 saldo dana potong 187 ribu ingin saldo kembali
135,aplikasi sangat bagus muas smua jadi gampang cepat proses
136,aplikasi apa iklan buka mai keluar iklan truss hapus
137,sya lihat dri ulas kerabat sudah coba dri turbo vpn sangat es kn sekali dri saya tarik coba smoga tidak kecewa
138,bagus versi biasa aja udah enak buat selancar internet versi pro nya
139,bagus banget lelet tidak iklan langsung conek batas
140,mantap banget apknya sangat batu akses sangat lancar setabil
141,app turbo vpn jni memang luar biasa sangat cepat
142,mantul udh cepat gk lelet lg sdh gthu gratis kl bintang 6 jg gw kasi bntg 6
143,cari server free fire sangat cepat bagus
144,aplikasi nya bagus sangat bantu kerja dgn baik cepat
145,mantap muda tonton filem yuuhuyyyy pokok sangat bantu
146,bagus guna banyak iklan hemat data
147,jelek bet kalo pake server luar terus main game mobile legends jaring ngelag parah mending pake vpn sih
148,sangat bantu lancar koneksi  utama wi-fi
149,sangat puas app ini moga tetap buat langgan makin puas
150,tetep aja ganggu meski jaring tinggi tidak buat maen game
151,saran saya akses negara bisa luas atau premium lebih murah
152,baru sekali pakai alhamdulilah lancar buat download video makasih
153,bagus banget aplikasi ada iklan smoga depan makin lancar
154,neng bgt aplikasi ini moga selalu bantu  mudah komunikasi dari jauh
155,apa beda turbo vpn turbo vpn lite  mana lebih baik 
156,aplikasi ny ok tpi tapi nya time ada had nya so kena perhati dn sambung
157,jaring sangat cepat luncur pookok nya mantap
158,jaring sangat stabil aplikasi sangat muas
159,kadang kadang sekarang suka lelet pas masuk aplikasi nya  turbo vpn 
160,nyesel banget download aplikasi ini koneksi suka mati putus sendiri
161,sangan baik prrtahankan kualitas jaring sambung baik
162,sangat bagus aplikasi nya iklan kurang
163,sangat bagus buat buka situs blokir mantaaappp
164,vpn sangat bagus aman 100 tidak perintah indonesia
165,cukup bantu cuma tetap bagi aplikasi tidak buka
166,emang ada obat aplikasi gvn jaring jelek jadi pilih bagus
167,sangat bantu tpi sayang iklan ganggu
168,moga aplikasi manfaat bisa guna horang horang marger selalu nyepi sendiri
169,smentara bagus terlalu mbyak iklan durasi batas
170,aplikasi bagus ribet sekali tekan langsung hubung
171,apknya bagus dapat kuat jaring  sinyal hp
172,cepat mudah sambung internet mana mantap
173,sankat bagus aplikasi android mn kpn bae lgi glk nk mntk dana smo siapo yo km tuh jdi tlng bantu proses daftar akun nya
174,mantap banget aplikasi vpn nya lancar  cepat loading
175,bagus sih  sayang banyak iklan
176,vpn baik cuman bayar di kunrangi yah
177,banyak iklan server vpn gratis makin kurang
178,sangat sangat bantu meskipung sedikit iklan
179,sangat bantu jaring sinyal lemah
180,sangat bantu untuk buka link bokep segala penjuru mulai yang jepang china barat maupun asia good job
181,vpnya cepat buat saat sinyal lemah gunung
182,sangat bagus server game web blokir di indonesia
183,saldo dana potong padahal rasa langgan tidak trima mohon saldo saya di kembali
184,luar biasa baik moga negara di pilih mengjasilkan lebih banyak lebih besar hasil game turbo vpn secure makin maju
185,jaring sering lambat baik min
186,bagus tapi selalu iklan mohon hilang
187,bnget dah link blok aktif turbo vpn nya langsung buka
188,sangat bantu saya ada daerah sinyal turun naik bagus boss ku trimakasih
189,aplikasi nya bagus tpi dong jang sering lelet gituu
190,koneksi sesuai jaring udah mantul klo cepat tingkat lagi trima kasih
191,bagus browsing tapi terkadang tiba hilang sendiri putus koneksi benar nya bagus buat browsing
192,lumayan sih koneksi jaring nya agak lelet saat masuk game satu lagi banyak iklan kalo di batas iklan ga guna tuh iklan
193,sangat puas tapi sayang iklan terlalu banyak
194,sangat bagus versi gratis maupun bayar balance keluar sesuai kita dapat jujur vpn cepat sih yang pernah kupake
195,sangat bagus akan koneksi sering putus sendiri mohon baik koneksi selalu hubung
196,milik bayar lang turbo vpn saldo dana potong otomatis saldo dana potong otomatis tanggal 8 nama  sur ka no dana 0812 5835 sangat sangat tidak erti akun dana di potong otomatis uang
197,di update mala lalod di baik sistem
198,jaring lot pake beberapa menit kadang suka mati sendiri padahal pake aplikasi udah bertahun2 kenapa makin kesini malah makin jelek kualitas
199,aku udah lama guna aplikasi pih sekarang waktu suka mati sendiri bisa dulu iklan di kurang ga mati mati terus makasih
200,aplikasi sangat bagus guna buat yang kerja dalam meski suka kendala joss lah mohon baik sedikit dalam jangka tangkap nya
201,suka vpn sinyal nya kuat kenapa akhir sering putus sinyal nya hilang2 tolong baik mula ya
202,sekarang turbo vpn sangat jengkel kan dan sangat kesal karna 2 hari tidak buka video xnxx dan tidak tuju sekali premium tera layar turbo vpn mohon ma af kalo tidak beri ranting 5
203,sedikit lebih parah mending dulu ga banyak iklan
204,aplikasi sangat bagus buka smua block di negara kita
205,cukup bantu aplikasi in situs apa yang blokir semua jadi buka pokok nya oke
206,mohon baik soal koneksi sering putus dadak
207,iklan udah luar nalar sangat nyaman pakai bentar bentar iklan durasi iklan terlalu lama
208,mantap vpn turbo yg lelet jadi cepat kilat bikin vpn turbo
209,jujurr aplikasi saya pakai tahun sangat bagus tolong devloper baik masalah sering jadi ialah putus keneksi aplikasi saya rekomendasi teman
210,mudah guna mantap lah pokoke good apk
211,goood tapi terkadang suka putus koneksi sendiri
212,sangat jelek hilang2 sendiri jaring nya buat naik tensi
213,sangat guna manfaat terimakasih turbo vpn
214,bagus tlong tingkat lg koneksi biar lebih asyik
215,aplikasi sih udah bagus sangat bantu tolongdong kualitas tingkat lagi kadang downloadnya cepat kadang tu lama bangat jadi cepat kualitas jaring tingkat lagi trimah kasih
216,sangat bagus bantu agak lot terkadang
217,aplikasi sangat batu cari link download video lucu
218,terimakasih aplikasi turbo vpn sangat bagus sangat bantu mantap
219,sangat dukung operasional cari digoogle batas
220,lelet tidak fungsi biasa
221,tetap nyaman vpn iniya keren dengn sinyal bagus
222,sangat bagus iklan terlalu banyak
223,aplikasi bagus sangat mmbantu tingkat makin jos gamdos apik pokoke
224,terlalu banyak iklan jaring jadi tambah jelek
225,bagus kali iklan nya rangin aja
226,mantap pokok aplikasi ini kembang terus fitur2 baru
227,bagus cuma kalau yang kunci buka semua dong film ny
228,banyak iklan penting n pas mau off susah bgt
229,terima kasih aplikasi buat rasa lebih baik jangan ragu download aja main internet lebih mudah ada hambat
230,bagus cuma suka lot di baik
231,bebas iklan masih lot
232,lumayan bantu cuma sayang banyak iklan ga jelas
233,sangat cepat aman meng akses
234,aplikasi bobrok awal boleh lancar sekarang kepake 400mb langsung down down cuma buat nonton iklan ga mutu ga guna uninstall 
235,uda bagus cuman sering keluar sendiri hubung pas masuk situs putus sendiri apa gerangan klu ga putus sendiri baru tambah bintang over all uda bagus
236,mantap lama di pakai utama gratis
237,klau di kurang aja iklan ads nya bang aja sih
238,vpn jelek jaring lag banyak iklan
239,aplikasi keren banget makin cepat lancar jaya mantap jaya
240,oke bagus cuma iklan nya aj kadang bikin kesel
241,sangat bantu kalo bulan diskon 50
242,jelek beda vpn lain bug jaring buruk
243,kurang iklan ny untuk aplikasi lah
244,aplikasi guna iklan gudang bosok
245,lumayan cepat connectnya  coba dulu gratis moga langgeng
246,sangat bagus cuman ada masalah server masuk server miami amerika serikat waktu masuk dalam game itu hubung jadi baik terimakasih
247,aplikasi sangat bantu tingkat jaring dan sngat puas ada aplikasi vpn ini terkadang suka on off sendiri
248,suka aplikasi nya kemarin sempat 2 hari gk nyambung  saya hapus baru sekarang jadi lebih bagus sayang edar kabar klo atur baru d negri arab aplikasi apa itu bnar nya
249,kualitas bagus jaring stabil
250,cepat mudah cari
251,baik lgi nonton netflix jdi lag2 biasa lancar jaya
252,harap kembang lebih bagus laqi ini kadang mas gk stabil and putus2 tolong kembang semua kulaitas bagus biaya and tambah situs yang video nya bayar bisa mebuka nya gratis aja saran tq
253,lumayan bagus kalo iklan nya kurang
254,kasih rating 4 aplikasi sangat bagus agak lag sedikit
255,aku suka aplikasi biarpun sinyal jelek kartu im3 indosat
256,aplikasi kadang2 lot mau pakai wifi paket
257,iklan banyak masa sekali pencet iklan
258,apl nya bagus cepat akses nya
259,koneksi cukup stabil oke
260,bagus fungsi dg baik kalau soal iklan ya nama jg versi gratis wajar2 aja sih klu ga mau banyak iklan beli premium gitu aja kok repot
261,dear developer innovative connecting aplikasi turbo vpn - secure vpn proxy sangat bagus tambah fitur guna aplikasi
262,ok buat web blokir cuma iklan nya banyak
263,ini bagus sampai 10 perangkat
264,aplikasi bagus jd bikin internetan cepat
265,aplikasi sangat bagus mas iklan
266,haiya kalian ingin iklan makanya modal sedikit looo beli berbqyar sudah gratis protes banyak iklan
267,lancar cepat makin tingkat
268,stabil walaupun banyak iklan
269,mohon iklan nya jangan terlalu rutin
270,kurang bagus sinyal vpn nya kurang lancar
271,sangat batu hal server cepat jarigan
272,aplikasi sangat bantu komunikasi suka
273,sangat bantu sekali guna aplikasi kunci bisa buka
274,bagus sekali aplikasi sangat bantu moga tahan kualitas nya
275,mohondi tingkat karena sering lama loadingnya
276,lumayan sangat bantu tingkat koneksi cuma di tingkatlan untuk aplikasi nya karena suka putus sendiri
277,aplikasi sangat manfaat saat jaring lot
278,keren sangat bantu aplikasi buat semua y jd mudah
279,koneksi bagus layan nya cepat cuma satu kendala aja mau buka iklan mau tutup iklan iklan harus nunggu selesai minta tentang iklan nya kalau rang biar dwonload aplikasi tidak kecewa terima kasih
280,pihak developer dulu pakai aplikasi lancar tanpa kendala juga langgan sekarang dapat alam sama coba gratis premium lama 7 hari tetap muncul iklan koneksi internet sangat lambat kemudian tidak sadar saldo google play potong turbo vpn untuk panjang lama bulan rp 187 590 tetap saja anggap tidak guna layan premium koneksi lambat ikln bnyk
281,lumayan lah iklan ganggu bnget
282,puas dngan hasil server sangag cepat
283,fiturnya jelas kencang telusur
284,kalian wajib download aplikasi selain jangakauan nya luas konektivitasnya oke
285,sangat bantu buka file upload file
286,masalah kuat signal data atas baik
287,aplikasi kurang jadi kasih 2 bintang dulu saya kasih bintang karena saya mau pakai salah satu negara harus guna premium udah mana cukup mahal
288,sangat cepat ad tidk mungkin
289,kalaw di tingkat kcepatan nya
290,gg cuy gabut aja penting aplikasi nya gg meski banyak harus bayar dulu
291,mantap nich aplikasi lancar ga acara loading2 lagi langsung zos gandoz
292,coba dulu ya kalau udah pakai aku nambahin bintang  hmmm aku tambahin 2 bintang yaasmoga aplikasi nya tambah keren tidak lag
293,cepat proses bagus gambar
294,aplikasi nya bagus jadi makin kenceng jaring
295,oke walau terkadang kalo akses server trllu deep melehoy
296,vpn super cepat  hambat
297,lumayan sih tpi perlu diperbaikin sih koneksi
298, 2       4 
299,sangat bantu saya terkadang vpn tidak stabil padahal jaring wifi baik baik saja sangat bantu beri 5 bintang mem apresiasi aplikasi ini
300,bagus mudah guna cepat hubung ga tau kl udh lama kemudian tunggu aja hehehe
301,performa wifi kurang aktif vpn
302,sangat bantu untuak karingan lot mantap bangat apkmya
303,moga jaring aplikasi makin tingkat lagi utama cepat unduh main video game terimakasih
304,kata mulai lama makin banyak iklan aja nih
305,gk nyaman sama konten muncul terus
306,sangat bantu klo iklan nya rangin
307,mantep aplikasi ni sangat bantu sedikit kurang nya
308,lah terlalu banyak iklan
309,sangat guna jelajah sangat cepat
310,lama pakai vpn jaring ku makin lancar bisa tonton website ke blokir jadi buka jadi bagus aplikasi moga makin bagus depan
311,aplikasi sangat guna sekali kasih bintang  sangat bantu pribadi terima kasih
312,aplikasi nya sangat bagus tolong iklan nya dong jangan terlalu sering banyak kesel tau gk
313,terimakasih ada vpn turbo lebih mudah jangkau video hanpone
314,sering lot terus pilih otomatis server cepat selalu ga akurat
315,aplikasi anjeng iklan banyak kurang banyak
316,terlalu sering iklan
317,aplikasi nya lumayan sii tpi ad tidak di buka link nya
318,aplikasi luar biasa ayo dowlod masuk cepat didowlod jg lancar
319,lelet lot parah banyak iklan tiap penvet menu muncul iklan ga yang bnr kenceng servernya
320,test aplikasi buka website bisa setel video bisa cuma 10-40 kb s padahal kalau pakai vpn tembus 1 2 mb s useless
321,sangat manfaat atas lancar jaring
322,stabil kan koneksi nya min good job
323,nonaktif tari uang lewat aplikasi yang tari uang laku google nonaktif tidak uang selalu tarik otomatis ada tuju ssya
324,cukup bantu walapun bnyak iklan
325,aplikasi sangat bahaya di guna pakai metode coba otomatis langgan walaupun aplikasi d hapus tdk batal langgan hilang uang 187rb karna trnyata pmbayaran otomatis lewat akun dana
326,harga aplikasi memang bagus lebih baik agar manfaat semua tahan gratis banyak terima kasih vpn turbo emang okeh
327,aplikasi babi baru dipake beberapa detik mati sendiri ilang sendiri iklan doang dibanyakin
328,bagus durasi panjang banyak iklan
329,lebih cepat hemat data
330,baik kurang durasi iklan
331,saya bagus banget kalau iklan wajar ganti paket ga mau iklan bayar
332,mantap sangat bantu s8nyal lancar
333,terima kasih turbo vpn isi waktu sekali terima kasih sukses selalu
334,cukup bantu cari artikel buka situs
335,3bintang nnt sya tambah kalau iklan web gane keluar sangat bagus
336,bagusssss kalau kasih saran kurang dong iklan nya
337,aplikasi pokok buka situs apa keren deh pokok
338,bagus turbo vpn nya akses cepet
339,kurang bagus sering keluar sendiri
340,sangat bagus selancar dunia maya
341,keren sangat medukung
342,lumayan bantu baik
343,cepat bagus turbo vpn kelinci
344,sayang sekali aplikasi bayar sungguh parah
345,terlalu banyak iklan
346,sangat muas cari sendiri wilayah
347,vpn aman n percaya lama pakai lancar
348,bagus banyak iklan
349,bagus banyak iklan nya
350,sangat kencang jaring
351,sangat bantu ko kadang kadang keluar pemberitahuan
352,moga depa lebih baik dan lancar cookk  aplikasi kayak bangke gk 1 menit udah putus sndiri hadeehhhhh lama2 bikin emosi cokkk
353,mudah mudah kencang speednya
354,mau tanya knp kalo turbo vpn nya aktif jaring nya ngelag dong baik sistem sinyal turbo vpn nya trimakasih
355,lot gan tolong baik lgi
356,bagus gampang cara koneksi nya
357,anjeengg aplikasi apa ini banyak iklan nya tiap klik tombol iklan kalo mau cari duit kaya gin cara njeeengg
358,sangat bagus rangin dong iklan
359,bagus si bagus makin kesini makin lelet padahal udah make lama kadang waktu pakai vpn call bisa call nya mati padahal gaada ganggu sinyal apa entah sengaja bikin makin lelet apa engga pada buat fitur premium mending sekali buat aplikasi downloadnya bayar gausah gratis biar lebih kualitas jaring urus penting malah lamban moga segera tindak lah utama call
360,program complit mudah cari
361,coba dulu banyak iklan prabayar
362,lebih cepat terima data mohon tahan kan
363,bagus sih masih banyak iklan
364,iklan nya rangin yaaa
365,mantap  cepat tidak lot
366,layan bagus proses cepat
367,aplikasi paling bagus buka situs di blok pokok nya gouddd
368,user vpn terlalu banyak keluh iklan kusaranin usah download nama aplikasi iklan kalau mau ada iklan beli premium gitu aja ribet kalau mau bikin sendiri aja aplikasi lu mau developer optimal untuk bagi notifikasi di notifikasi ambang saat udah ku close vpn nya notifikasi muncul udah ku paksa henti tetap muncul notifikasi thanks
369,serius nanya pada review oke tuh gmn cara sih pake baru 2 hari emg  coba free trial pake ini pake aplikasi n vpn semua lancaaaaar jaya btw pake vpn utk netflix aja knp pas pake turbovpn ya coba konek korea  jepang eh netflix tidak masuk lanjut coba konek mexico singapore  aussie masuk netflixnya pas mau klik film kata salah koneksi negara inti tidak kepake netflix saya sad
370,banyak alami kendala mungkin sebab area sinyal kalian tidak stabil usaha hubung jaring vpn minimal 100kb p s bisa koneksi baik guna lama rasa puas walaupun beberapa yang alami iklan terkadang langsung 3-4 iklan - not bad moga aja segera baik
371,easy to use ui simpel kenapa kok opsi protokol d hilang y pdhal klo cepat internetnya lambat saya ganti tipe protokol speednya kadang sedikit tingkat untuk iklan cukup sekali skip saja jangan berulang2 karna kadang suka salah klik dan harga ada rupa moga k depan koneksi makin bagus stabil
372,sering putus sendiri banyak iklan iklan banyak bukan masalah penting cuan uang hasil iklan bantu kembang aplikasi -  udah aja lebih turbo vpn jaring lancar beberapa server mungkin dah aja o
373,koneksi bagus layan nya cepat cuma satu kendala aja mau buka iklan mau tutup iklan iklan harus nunggu selesai minta tentang iklan nya kalau rang biar dwonload aplikasi tidak kecewa terima kasih
374,lumayan bagus lah fungsi aplikasi ini tapi klo cepat buka internet seperti ya karena saat guna sinyal kurang bagus malah aplikasi buka di operasi saya aj perlu perhati ya karena tidak selalu ada di zona sinyal kuat full
375,terimakasih berkat turbo vpn kerja jadi mudah cuman sayang seperti versi dulu ada iklan kalau versi sekarang banyak iklan latar belakang sangat ganggu sekali apa penting guna ini tidak pengaruh nilai tetap kasih bintang 5
376,maaf karna instal hapus instal hapus cuma tahan 30 menit an habis lelet sekali padahal kalau pake vpn lelet moga segera baik mending dulu kalau mau naikin speed nonton iklan sekarang cuma pakai 30 menit an aja
377,baik ya knapa sinyal sudah hubung jadi lot ya padahal hubung cepat wifi bisa sampe 4mb s telah hubung cuma 500kb s ya ya admin lah dibeneri kalo udah lot kasih 5 bintang trimakasih
378,meski jaring sering putus harus sambung ulang cara masuk aplikasi kata hubung manual tetap apresiasi bintang 5 tolong jangan henti inovasi contoh dengan buat fitur ketika jaring putus hubung cara otomatis demikian terima kasih moga wujud depan fitur yang harap
379,tau vpn kan tambah cepat jaring ketika hubung kok jaring malah makin lemah bahkan masuk game online tidak belum hubung cepat jaring 100k s telah hubung jadi 0 00k s naik turun hingga b s tolong baik dong bagaimana solusi nyah  terimakasih 
380,kalo iya masalah jaring coba dipake sendiri aplikasi buat makin buruk nih aplikasi bikin frustasi bukan jelek-jelekin ungkap fakta aja pake kadang keluar sendiri bikin kesal kali make masa baru aja beberapa detik pake malah keluar sendiri kan ngeselin banyak iklan wajib tiap kali masuk aplikasi isi tidak penting lebih suka aplikasi dulu bukan versi update-nya malah buruk rating pakai
381,gw pakai tahun lebih cuma yang server gratis kalo misal gw kerja digital aja gw ga masalah kalo bayar bakal pake tiap hari pakenya jarang jadi ngambil gratis aja jaring kuat cuman beberapa menit aja soal iklan ga masalah karena hasil tambah juga tingkat kualitas kalo aja aspirasi dengar mungkin bintang nya nambah
382,aplikasi masih sama versi dulu ada ubah saat sambung jaring selalu muncul iklan jadi lot itu sambung vpn dapat putus sendiri tidak guna jelajah internet mohon baik lagi kalau jangan bayar terima kasih
383,memang aplikasi sangat guna akhir akhir sering putus koneksi banyak iklan nempel iklan aplikasi boleh tapi jangan untun lah masak 2 menit iklan banyak alhasil susah connentnya
384,lumayan lebih buka link masalah jaring jaring jadi lebih cepat kekurangnnya terkadang sedikit lambat jaring misal tonton youtube terkadang selalu loading saya putar balik 10 detik belakang saja loading jadi saya harus aktif mode pesawat dulu mati dan youtubenya jadi lancar belum saya sangat bantu aplikasi ini terima kasih
385,awal awal bagus kemudian bisa koneksi padahal coba ulang kali ketika download di google chrome sangat butuh waktu lama ketika tonton video youtube hd saya ganti nya hd sering ngelag lama jaring nya kurang lancar tapi lumayan vpn
386,sangat sangat buruk semua vip kaya versi dulu banyak free kalo sekarang gratis di waktu mana lama banget kalo nonton iklan biar panjang waktu terus internet jadi lola banget pas pake vpn ini pas dipake lancar jaya tuh pokok kecewa
387,bisa sambung telpon luar negeri makasih turbo
388,bagus masih banyak iklan
389,sesuai janji untuk kasih bintang 5 turbo vpn sangat di andal ya kalo masalah iklan sudah wajar nama gratis
390,pernah uji coba 1 jam bagus aplikasi kemudian pergi laut tak jangkau jaring lalu saya batal langgan sekarang uji coba 
391,knpa skrang sering keluar sendiri tpi aplikasi tetap mantuuuap broo
392,ok aplikasi bagus kerja dgn baik iklan nya banyak maklum nama jg gratis wkwk
393,mungkin aku cari gratis karena tidak pakai karna bayar harus uinstal ya
394,sangat bantu kurang iklan
395,sangat bagus bantu koneksi internet mnh
396,sangat bantu cara pakai tidak ribet
397,sangat bantu mudah guna
398,bagus koneksi cepat bngt
399,apn turbo tak ragu buat konektifitas segala macam guna rekomendasi apn turbo sangat bagus banget saya selalu maka antara apn abal2 lain ini percaya mungkin sering buffering karena sinyal jaring daerah kurang pada saran saya tingkat lebih baik segala yang ada turbo vpn kita bisa selalu tetap terus guna terima kasih
400,kapok ngak yang bagus lot
401,app sangat bagus da luar biasa kurang sedikit iklan sangat menggangu pihak app mohon kurang iklan sedit tanpa iklan itu masala kebagusanny kalau kalian ingin mendownload app jangan kalian ragu takut inti app luar biasa
402,mantap aplikasi nya moga kembang lebih bagus
403,aplikasi nya bagus sayang jaring kadang hilang
404,aplikasi bagus jaring ganti klou dah lama pake
405,mudah mudanan bantu kendala jaring
406,kualitas jaring nya di baik lagi kalau lebih baik bintang lima susul
407,awal pakai bagus cuman lama lama nyambung server nya susah iklan makin banyak
408,bagus kalau tambah fitur nya
409,lumayan bagus cuma lelet minta apun iklan tak apa asal jangan terlalu sering terlalu panjang durasi mah parah cuy iklan sangat panjang parah bisa skip imbang kecewa uninstal saja
410,padam hp lalu saya nyala kembali saya tekan hubung koneksi nyata vpn sangat bagus sekali jaring facebook tadi masalah jd normal kembali saya kuga buka instalgram lain  harap aplikasi bisa manfaat terus
411,aplikasi nya bagus kok tpi kadang koneksi lama kadang gagal hubung kalau dipake nya lama sampe berjam2 kadang hilang gitu aja hubung ulang mungkin efek signal jaring nya terlalu gede
412,guna sekitar 3-4 tahun mungkin harus hapus deskripsi 100 gratis tolong hapus fitur durasi tidak masalah kalau beberapa server batas terlalu banyak iklan batas waktu guna seperti sudah terlalu
413,cukup bagus ga iklan
414,mantap baiknyo sinyal nya kuat donk
415,sangat bagus bangst hubung seluruh dunia
416,iklan nya boss jngn terlalu lama
417,jaring free nya harap lancar kan
418,jaring lambat baik lah
419,koneksi bagus pas pake von nya ada kendala tapi jadi kendala pas iklan sering banget muncul tanda silang iklan padahal udah habis durasi iklan udah ditungguin 10 menit gk juga keluar iklan tolong min baik sering banget kendala kyk gin soal
420,sayang nya iklan nya banyak
421,baru coba gratis klo masalah hapus aja
422,sangat bantu soal iklan wajar
423,bagus sangat luar muda nyaman
424,di tingkat jaring
425,aplikasi ok dan sangat bantu tolong dong jgn hilang2 trs jaring vpn nya
426,aplikasi alas tonton bokep hah apa apa sama dosa aja  aku kasih bintang tiga maaf ini ada tarif bayar tapi iklan lo bikin ganggu
427,lumayan lah koneksi nya mahal vip nya good
428,kurang bagus kurang tepat berapa kali pindah udah mantap bintang 5 jos terus
429,sangat lancar puas
430,cukup bagus selancar web privaci
431,dev kok gk beli premium padahal dana cukup malah muncul dana tidak cukup jadi kasih bintang 3 dulu makasih
432,lebih cepat mudah login nya
433,slm dr sy semua bagus ad kendala si dikit dong jangan putus2 sinyal nya anda erti pokok nya ribet aplikasi sangat cepat
434,lebih tingkat biar sinyal nya lebih bagus
435,baru coba mudah mudah guna
436,suka apknya cepat kita cari langsung di beranda lot lancar di buka terimakasih kasih bintang 5 pul
437,bagus cepat dan mudah guna
438,bintang 4 cukup sih soal server nya kurang kayak china
439,sanggat bagus muas satu sanggat bantu
440,ehmm baru beberapa hari puji kini dapat iklan lokal masuk sever guna  tingkat aman lagi hubung stabil dapat iklan sesuai sever guna jamin aman maupun free or premium moga baik vpn turbo depan
441,in8 vpn lumayan buat cari cuan game2 nonton iklan pake vpn bisa jebol hahahaaa dr jaman game candy kaboom ampe game2 jaman now wort it vpn untuk dana potong awal akses jgn voba gratis klik aja logo x pojok atas klo lo pade langgan yah iya saldo lo ilang hahahaaaaa
442,bagus juga iklan y kalau kurang bos
443,thanks atas aplikasi moga makin lengkap depan dapat lemah
444,bagus sekali loadingnya loading makin lambat
445,aplikasi makin lama makin banyak iklan udah lama sampe 33detik mending pake aplikasi vpn lain
446,bagus lancar ganggu
447,sangat cocok yang minat aja
448,recommended vpn sangat rekomendasi vpn  lancar banget
449,di cepat sinyal
450,koneksi sangat cepat mantap
451,mantap tapi iklan baeee 
452,kasih bintang 4 dulu lagi coba aplikasi nya turbo vpn
453,sinyal nya jelek banget nyambung perbaiking ngapa
454,standar lah aplikasi kalo ba lbih tingkat
455,lumayan buat streaming video sayang kadang lot banget sinyal nya trus kalo nyangkut nyasar jaring negara selain amerika tidak kekonek harus developer nya dikembangin aplikasi nya biar lebih enak guna overall suka sih
456,bagus aplikasi ny di kunci apa solusi ny
457,browsing cepat bebas hambat
458,apknya lumayan bagus loadingnya lambat
459,bagus sayang kalau lama suka loding
460,sangat baik sistem buat puas dan moga depan jaring yang free luas
461,muncul iklan cepet ngga satu detik koneksi gagal terus langsung uninstal bintang 1
462,splikasi nya mantap gampang erti mudah cara guna nya
463,awal2 make bagus ini kok sekarang sering banget pilihinnya server paling lambattt buka web aja susah
464,sangat bagus maaf yang kurang lokasi coba gertis nya jangan 1 bulan
465,guna aplikasi anak jadi lebih semangat juga lebih jantan yang awal suara cempreng jadi lebih berat
466,aplikasi lumayan kalau nyambung bagus tapi sering putus ganti lokasi koneksi bikin susah kalau kerja ngulang2 lagi
467,iklan nya kurang banyak tot gila nih apk sarang iklan dalem nya nyesel gw download nih apk otw uninstal ah
468,bantu koneksi layan youtobe lain oke mudah lebih baik
469,biasa lancar ini gagal2 terus gag masuk tahun baru kok mlh jd lot tlg d baik
470,banyak iklan nya jaring eror mulu makasih suport nya
471,alam sya semenjak sya guna aplikasi vpn waw sangt2 muas sekali poko keren dehh
472,sangat bantu kerja yang downlod luar khusus video pendek watermark
473,jelek jaring udh ganti negara wilayah lain sama aja buang buang waktu gw buat baca bl
474,kurang 1 gk jangan tampil atas layar aktif enggak vpn nya tolong la malu cuyyy
475,pertama guna beri bintang 4 bila pakai asa lebih baik cepat aman akan beri bintang baik moga aplikasi jadi baik yang baik
476,bagus kenapa putus sendiri turbo vpn nya
477,turbo vpn aplikasi sangat bagus akses server
478,jaring tdk bagus terus pas pake nih apk
479,bagus aplikasi tpi agak ditingkatin lgi soal kdang2 mati sendiri  kluar sendiri
480,bagus sih cuman kalo pakai lebih 1 jam jadi lot banget
481,bagus banget ampun efisien cegah jadi lot juga terlalu my
482,aplikasi bagus mohon jangan terlalu banyak iklan
483,canggih cepat akurat gg menesel masang aplikasi keren ini puas puas  puas 
484,mantap lh pokok tingkat kan terus
485,lebih baik untuk cepat download
486,aplikasi udah bagus cepat jaring waktu pakai stabil umtuk tampi awal susah di paham sedikit pilih menu
487,sangat cocok jalan
488,aplikasi nya bagus yang kurang bisa maain game
489,koneksi bagus cepat
490,klo jgn terlalu bnyk iklan
491,iklan nya terlalu lama
492,buat server khusus call of duty masih ngelag bikin delay nembak baik
493,bagus cepat dgn koneksi super
494,aplikasi sangat sangat sekali bantu saya terimah kasih play store
495,lancar jaya sedikit iklan wajar
496,aplikasi nya sangat manfaat bagus main game aplikasi bagus
497,bagus iklan bnyak
498,bagus nih jaring nya tiada nge like
499,mudah pakai sangat bantu sekali
